hidden_dims,dropout,lr,batch_size,mae,rmse
[32],0.3,0.01,16,0.009844757616519928,0.013196578960075783
"[512, 256, 128, 64]",0.1,0.01,16,0.01820899359881878,0.021319654668267417
"[256, 128, 64, 32]",0.1,0.01,32,0.019373562186956406,0.02500816259456395
"[256, 128, 64, 32]",0.1,0.01,16,0.0215215552598238,0.025900686518439766
"[512, 256, 128]",0.1,0.01,16,0.02265341579914093,0.0272913242896762
"[128, 64]",0.4,0.01,16,0.025558598339557648,0.02858614098233292
"[512, 256, 128, 64]",0.3,0.01,16,0.020723305642604828,0.029423536243187446
"[128, 64, 32]",0.1,0.01,32,0.021344389766454697,0.0296912520713527
"[64, 32]",0.3,0.01,32,0.024437889456748962,0.030129525153669266
"[128, 64, 32]",0.4,0.01,16,0.023429274559020996,0.03014976095639386
"[256, 128, 64]",0.2,0.01,16,0.025550076737999916,0.030722991089108715
"[512, 256, 128, 64]",0.2,0.005,64,0.02570299059152603,0.03112195275462941
"[128, 64]",0.1,0.01,16,0.027918709442019463,0.03238948725334407
"[256, 128, 64, 32]",0.3,0.01,32,0.025074683129787445,0.03261646916689197
"[256, 128, 64, 32]",0.3,0.01,16,0.02498539723455906,0.03316337822038564
"[128, 64, 32]",0.3,0.01,16,0.027055902406573296,0.03358006739312531
"[64, 32]",0.3,0.005,16,0.024853793904185295,0.03362423136306338
"[64, 32]",0.4,0.01,16,0.02510228008031845,0.033895609703417484
"[256, 128, 64]",0.2,0.01,32,0.02957783453166485,0.03405632508810947
"[512, 256, 128, 64]",0.3,0.01,32,0.029914621263742447,0.03497628003190196
"[64, 32]",0.2,0.01,16,0.02623164840042591,0.035518947571770994
"[128, 64]",0.3,0.01,16,0.027355894446372986,0.03568414714041701
"[64, 32]",0.3,0.01,16,0.028738001361489296,0.03573628269990552
"[512, 256, 128, 64]",0.2,0.01,32,0.028048135340213776,0.035739001082566585
"[256, 128, 64]",0.1,0.01,16,0.028960084542632103,0.03705152595306513
"[128, 64, 32]",0.2,0.01,16,0.031209077686071396,0.03861263631572477
"[512, 256, 128]",0.2,0.01,16,0.02852611616253853,0.03868938258057435
"[512, 256, 128, 64]",0.4,0.01,32,0.029659593477845192,0.03925577123990692
"[128, 64, 32]",0.1,0.01,16,0.030554305762052536,0.03957873698629994
[32],0.2,0.01,16,0.034698229283094406,0.039948669603265624
"[256, 128, 64, 32]",0.1,0.005,32,0.0337899848818779,0.04023598446682353
"[256, 128, 64]",0.2,0.005,16,0.03015618398785591,0.04040738097396286
"[256, 128, 64, 32]",0.4,0.01,16,0.02872379682958126,0.04049684916928981
"[512, 256, 128]",0.4,0.01,16,0.03183149918913841,0.04097973013544863
"[128, 64]",0.2,0.005,16,0.03478366881608963,0.042890823479750775
"[1024, 512, 256]",0.1,0.005,64,0.03189823031425476,0.04344248930189251
[32],0.4,0.01,16,0.03177905082702637,0.04348588371435268
"[256, 128, 64, 32]",0.2,0.01,16,0.033954329788684845,0.0439241663070681
"[1024, 512, 256]",0.4,0.005,16,0.03365194797515869,0.04467565239813267
"[256, 128, 64, 32]",0.2,0.005,16,0.03186606988310814,0.045207234209864715
[32],0.4,0.01,32,0.03836354240775108,0.0453403074137785
"[1024, 512, 256]",0.4,0.01,32,0.036235079169273376,0.045519737596730774
"[128, 64]",0.1,0.01,32,0.034845370799303055,0.04603946861830452
"[256, 128, 64]",0.3,0.005,16,0.03581580892205238,0.04637436702311074
"[128, 64, 32]",0.2,0.005,16,0.03873307257890701,0.04652896453510713
"[512, 256, 128]",0.1,0.01,64,0.03429371863603592,0.04676871120540356
"[512, 256, 128, 64]",0.4,0.01,16,0.03451475873589516,0.04679584525524507
"[256, 128, 64, 32]",0.3,0.005,16,0.03569048270583153,0.046954879152755376
"[1024, 512, 256]",0.2,0.005,64,0.039566975086927414,0.0471143893084775
"[256, 128, 64]",0.1,0.01,32,0.04039265215396881,0.0471160274920066
"[1024, 512, 256]",0.1,0.005,32,0.03782772272825241,0.04721676886635613
"[256, 128, 64]",0.3,0.01,32,0.03779591619968414,0.04778070945789515
"[128, 64, 32]",0.3,0.01,32,0.040137261152267456,0.04861840988515397
"[256, 128, 64]",0.4,0.01,16,0.03416837751865387,0.048668060206814086
"[512, 256, 128]",0.3,0.01,32,0.03732021525502205,0.04902041006049063
"[128, 64, 32]",0.1,0.01,64,0.0349605493247509,0.04912299053936195
"[512, 256, 128]",0.2,0.01,64,0.03767992928624153,0.049131838853778385
"[1024, 512, 256]",0.1,0.005,16,0.03931069374084473,0.04951421799079614
"[256, 128, 64, 32]",0.2,0.01,32,0.04298081621527672,0.05004039786445737
"[512, 256, 128, 64]",0.1,0.01,32,0.03752027079463005,0.05016606718316528
"[512, 256, 128]",0.1,0.01,32,0.03821708634495735,0.050319391550154066
"[1024, 512, 256]",0.1,0.01,32,0.037758585065603256,0.050446908959218564
"[256, 128, 64]",0.2,0.01,64,0.0396060049533844,0.05170851735164406
"[128, 64]",0.1,0.005,16,0.04565294459462166,0.05203504360247778
"[512, 256, 128, 64]",0.2,0.005,16,0.044409941881895065,0.05329017774466031
"[256, 128, 64]",0.1,0.01,128,0.04418828710913658,0.05329049887327107
"[512, 256]",0.1,0.005,16,0.044704366475343704,0.0535945411406865
"[256, 128, 64]",0.1,0.01,64,0.0417214073240757,0.05359671976171977
"[512, 256, 128]",0.2,0.01,32,0.04520178586244583,0.05388040683304765
"[512, 256, 128]",0.3,0.005,16,0.04839979112148285,0.054441086332486024
"[512, 256, 128, 64]",0.1,0.005,64,0.04079725965857506,0.055040895107994606
"[128, 64]",0.2,0.01,16,0.04837364703416824,0.05549625777462456
[32],0.4,0.005,32,0.04743979871273041,0.05596887012223325
"[512, 256]",0.1,0.01,64,0.04300929978489876,0.056520890420390865
"[1024, 512, 256]",0.1,0.001,16,0.0448240265250206,0.05653708547577887
"[512, 256, 128]",0.1,0.005,32,0.046173468232154846,0.057451756237870216
"[512, 256, 128]",0.2,0.001,16,0.044324371963739395,0.05793087437507717
"[512, 256, 128, 64]",0.4,0.01,64,0.04090967774391174,0.05800780736236036
"[64, 32]",0.2,0.01,32,0.048394180834293365,0.058051328520302925
"[512, 256, 128]",0.2,0.005,16,0.048128508031368256,0.05833212538657744
"[512, 256, 128]",0.3,0.01,64,0.04546966403722763,0.05833589719916801
"[64, 32]",0.4,0.005,16,0.050603337585926056,0.058675305908123476
"[512, 256, 128]",0.3,0.005,32,0.046097852289676666,0.058795381361682726
"[1024, 512, 256]",0.4,0.01,64,0.045836810022592545,0.0588669447966637
"[64, 32]",0.1,0.005,16,0.04776325449347496,0.05893339423394086
"[256, 128, 64]",0.1,0.005,32,0.05227825418114662,0.059000370638827786
"[512, 256, 128]",0.2,0.005,32,0.050982192158699036,0.05951257745444404
"[512, 256, 128, 64]",0.2,0.01,64,0.0456954650580883,0.05992865462228019
"[128, 64]",0.2,0.01,32,0.053229961544275284,0.06042707419709104
"[512, 256, 128, 64]",0.3,0.01,64,0.03666682913899422,0.060934410872777275
"[128, 64]",0.1,0.005,32,0.04782043397426605,0.061698601774878584
"[512, 256]",0.1,0.001,16,0.04790547862648964,0.06178585920339754
"[128, 64, 32]",0.3,0.005,32,0.048462383449077606,0.06183319790290375
"[512, 256, 128, 64]",0.3,0.005,32,0.05275793373584747,0.06218469329471487
"[256, 128, 64]",0.3,0.005,32,0.05571897327899933,0.06220605578473673
"[512, 256]",0.4,0.01,16,0.05222826451063156,0.0623380062945885
"[1024, 512, 256]",0.2,0.01,32,0.04903819039463997,0.06235760620846979
"[1024, 512, 256]",0.1,0.01,64,0.03662818297743797,0.06263794056527729
[32],0.3,0.01,32,0.05199180543422699,0.06325800389249948
"[512, 256]",0.1,0.01,16,0.04972283914685249,0.06336223870989442
[32],0.1,0.01,16,0.05070216953754425,0.06352405238812789
"[512, 256, 128]",0.3,0.01,16,0.048714686185121536,0.06379553175718976
"[256, 128, 64, 32]",0.2,0.005,64,0.04735437035560608,0.06409826632271029
"[1024, 512, 256]",0.2,0.001,16,0.05299903824925423,0.06422441173920154
"[1024, 512, 256]",0.2,0.01,16,0.05344374477863312,0.06425920487840356
"[512, 256, 128, 64]",0.1,0.005,16,0.053213492035865784,0.06426177374969776
"[128, 64]",0.2,0.005,32,0.04823615774512291,0.06445981482264528
"[128, 64, 32]",0.4,0.01,32,0.053633593022823334,0.06461626055950483
"[1024, 512, 256]",0.3,0.01,64,0.047308072447776794,0.0646239026698651
"[512, 256, 128, 64]",0.2,0.005,32,0.0572371706366539,0.06494652577348395
"[256, 128, 64]",0.1,0.005,16,0.05156907066702843,0.06501962855392789
"[512, 256]",0.1,0.01,32,0.057059358805418015,0.06562084059930705
"[64, 32]",0.1,0.01,32,0.05329975485801697,0.06589436991675966
"[1024, 512, 256]",0.1,0.0005,16,0.04941392317414284,0.06648315856663498
"[512, 256, 128, 64]",0.2,0.01,16,0.04823921248316765,0.0666996316352453
"[128, 64]",0.4,0.01,32,0.05893609672784805,0.06696277464853397
"[1024, 512, 256]",0.2,0.01,64,0.04842638969421387,0.06700407929154328
"[512, 256]",0.1,0.005,64,0.05356766656041145,0.06708594245617427
"[1024, 512, 256]",0.2,0.0005,32,0.052774615585803986,0.0673777053113826
"[512, 256, 128]",0.1,0.005,16,0.05966009199619293,0.06787063406370085
"[64, 32]",0.2,0.005,32,0.05797359719872475,0.0681697702340847
"[256, 128, 64]",0.3,0.01,16,0.04434594884514809,0.06823870703496508
"[128, 64, 32]",0.2,0.005,32,0.05999637395143509,0.06915414510963407
"[128, 64, 32]",0.3,0.01,128,0.05816677585244179,0.06937284897463744
"[256, 128, 64, 32]",0.2,0.01,64,0.051136232912540436,0.06938493367549939
"[512, 256, 128, 64]",0.1,0.005,32,0.055819086730480194,0.06960567204423077
"[128, 64, 32]",0.1,0.01,128,0.05180664360523224,0.06976667780898758
"[128, 64, 32]",0.3,0.005,16,0.06176207959651947,0.06998934593930195
"[128, 64, 32]",0.4,0.005,16,0.0664251372218132,0.07005096512059189
"[1024, 512, 256]",0.2,0.005,32,0.0492977574467659,0.07025495465821736
"[1024, 512, 256]",0.2,0.0005,16,0.05950717628002167,0.07026339180302686
"[256, 128, 64, 32]",0.1,0.005,16,0.053564514964818954,0.07034428858074214
"[512, 256, 128, 64]",0.1,0.01,128,0.057492081075906754,0.07067546277002647
"[256, 128, 64]",0.3,0.01,64,0.05915583670139313,0.07088981160846401
"[256, 128, 64, 32]",0.1,0.005,128,0.05744988098740578,0.07109836979936515
"[128, 64, 32]",0.2,0.01,32,0.05633091554045677,0.07129430098425643
"[1024, 512, 256]",0.3,0.005,32,0.061701033264398575,0.07185196403713916
"[256, 128, 64, 32]",0.4,0.01,32,0.05765233188867569,0.07190121452525379
"[64, 32]",0.1,0.005,64,0.05586116388440132,0.07223401473733426
"[128, 64]",0.3,0.005,16,0.05921187996864319,0.07225007779185684
"[512, 256]",0.2,0.01,16,0.05351225659251213,0.07244823876642294
"[128, 64, 32]",0.1,0.001,16,0.06386956572532654,0.07267240785572769
"[256, 128, 64, 32]",0.1,0.005,64,0.056556519120931625,0.07286224683185723
"[1024, 512, 256]",0.1,0.01,128,0.055407699197530746,0.07293737243818521
"[256, 128, 64, 32]",0.2,0.005,128,0.059815410524606705,0.07305691810660257
"[128, 64, 32]",0.1,0.005,32,0.055228788405656815,0.07316944324526362
"[256, 128, 64, 32]",0.2,0.005,32,0.05748571455478668,0.07340706704486027
[32],0.1,0.005,32,0.06490785628557205,0.07370701473655801
"[512, 256, 128, 64]",0.4,0.005,16,0.06724881380796432,0.07422146039330359
"[256, 128, 64]",0.4,0.005,32,0.06373991072177887,0.07443936711194947
"[512, 256]",0.3,0.01,64,0.062490444630384445,0.07453228265518778
"[256, 128, 64]",0.2,0.005,32,0.06422656029462814,0.07457990363873476
"[512, 256, 128]",0.1,0.005,64,0.058582015335559845,0.07464629864884802
"[1024, 512, 256]",0.4,0.005,64,0.0607161708176136,0.07480676077915256
"[256, 128, 64, 32]",0.3,0.01,64,0.06394442915916443,0.07520430374886133
"[128, 64, 32]",0.2,0.01,64,0.055049583315849304,0.07539813752866202
"[512, 256, 128]",0.4,0.005,16,0.06321490556001663,0.07547519355715464
"[64, 32]",0.4,0.01,32,0.0650935247540474,0.07557310530191844
"[1024, 512, 256]",0.2,0.001,32,0.05871623381972313,0.07559235210454791
"[512, 256]",0.2,0.01,32,0.0635102167725563,0.07642757157769048
"[512, 256, 128]",0.1,0.01,128,0.05637119710445404,0.07661070413134777
"[256, 128, 64, 32]",0.1,0.001,16,0.0585799477994442,0.0770196412984332
"[1024, 512, 256]",0.4,0.01,16,0.06304789334535599,0.07710044309565145
"[256, 128, 64, 32]",0.4,0.005,16,0.05979553237557411,0.07739426583937861
"[1024, 512, 256]",0.4,0.01,128,0.06754768639802933,0.07857516946485313
"[256, 128, 64, 32]",0.4,0.005,32,0.05312519893050194,0.07863924237553048
"[256, 128, 64, 32]",0.3,0.005,64,0.06593971699476242,0.0791131588006281
"[1024, 512, 256]",0.3,0.005,128,0.05658974125981331,0.07920478925858522
"[512, 256]",0.1,0.005,32,0.06786473840475082,0.07930041267696832
"[64, 32]",0.3,0.01,64,0.07258455455303192,0.0794853155928957
"[1024, 512, 256]",0.3,0.005,64,0.060969334095716476,0.07949465635341443
"[64, 32]",0.1,0.01,16,0.07059257477521896,0.0797953555943027
"[256, 128, 64]",0.2,0.005,64,0.062099553644657135,0.08050705428601652
"[512, 256]",0.3,0.005,16,0.06111929565668106,0.08093640302776321
"[512, 256, 128, 64]",0.2,0.001,16,0.06298564374446869,0.081170278304939
"[128, 64, 32]",0.1,0.005,64,0.06345360726118088,0.08132586158604016
"[256, 128, 64]",0.4,0.01,32,0.06751757115125656,0.0813782822063116
"[128, 64]",0.3,0.01,32,0.07003325968980789,0.08143173557433604
"[256, 128, 64, 32]",0.4,0.01,64,0.05800101161003113,0.08155527992738636
"[128, 64, 32]",0.1,0.005,16,0.07384133338928223,0.08167353758333916
"[512, 256]",0.3,0.01,32,0.061590202152729034,0.08195596885019836
"[1024, 512, 256]",0.3,0.01,16,0.072520911693573,0.08206968599122993
"[256, 128, 64]",0.2,0.001,16,0.07278814911842346,0.08211924454129799
"[256, 128, 64, 32]",0.3,0.01,128,0.06193271279335022,0.0822707296573705
"[512, 256]",0.2,0.001,16,0.07179515063762665,0.08267119256813808
"[64, 32]",0.1,0.01,64,0.06852290034294128,0.0827401361224668
"[512, 256, 128]",0.1,0.001,32,0.0684792548418045,0.08293171367604762
"[512, 256]",0.3,0.01,16,0.06987009197473526,0.08322017096582299
"[128, 64, 32]",0.4,0.01,64,0.0724715068936348,0.08337283936493335
"[128, 64]",0.3,0.01,64,0.0755021721124649,0.08365940274406304
"[128, 64]",0.1,0.01,128,0.07236604392528534,0.08381000981660293
"[512, 256, 128]",0.2,0.005,64,0.07173720747232437,0.08400562760452666
"[128, 64]",0.2,0.005,128,0.06857205927371979,0.08424088760401839
"[1024, 512, 256]",0.4,0.005,32,0.06931363791227341,0.08424893283787167
"[512, 256, 128]",0.4,0.01,32,0.0782882571220398,0.0842998009484134
"[1024, 512, 256]",0.1,0.001,32,0.057638831436634064,0.08435954254781665
"[512, 256]",0.2,0.005,64,0.06919831037521362,0.08459954021019053
"[512, 256]",0.2,0.005,32,0.06975965201854706,0.0848793262638253
"[1024, 512, 256]",0.3,0.005,16,0.07101379334926605,0.08533248011531458
"[512, 256, 128]",0.4,0.005,64,0.06560982018709183,0.08587175260085524
"[256, 128, 64]",0.4,0.005,16,0.07801602780818939,0.08597980346706528
"[128, 64]",0.1,0.005,64,0.07630815356969833,0.08600883611710469
"[128, 64]",0.4,0.005,16,0.0756872296333313,0.08615203111030136
"[512, 256, 128, 64]",0.1,0.0005,16,0.07286649942398071,0.08622088632878482
"[64, 32]",0.1,0.005,32,0.06675594300031662,0.08647983821696067
"[512, 256, 128, 64]",0.4,0.005,128,0.064524807035923,0.08688735283619092
"[512, 256, 128, 64]",0.1,0.005,128,0.05966478958725929,0.08768412119306185
"[256, 128, 64]",0.4,0.005,64,0.07661191374063492,0.08776771109948871
"[1024, 512, 256]",0.4,0.001,16,0.06400424987077713,0.08850173949866462
"[512, 256, 128, 64]",0.1,0.001,16,0.0676451250910759,0.08928612587612515
"[1024, 512, 256]",0.3,0.001,64,0.06887367367744446,0.09052468453362592
"[512, 256]",0.2,0.005,128,0.07515421509742737,0.09061666955971698
"[1024, 512, 256]",0.1,0.01,16,0.07706989347934723,0.09063387264193641
"[512, 256]",0.4,0.005,16,0.08454766869544983,0.09066979949333522
"[512, 256, 128]",0.1,0.0005,32,0.06740795075893402,0.09076927145424868
"[1024, 512, 256]",0.3,0.001,16,0.07632705569267273,0.09144568733682767
"[512, 256, 128, 64]",0.1,0.01,64,0.060719944536685944,0.09150246320826304
"[512, 256, 128, 64]",0.3,0.01,128,0.06810616701841354,0.09178605421693412
"[128, 64, 32]",0.2,0.005,64,0.07478722929954529,0.09205609104537216
"[256, 128, 64]",0.1,0.005,128,0.07022301852703094,0.09209041635733745
"[512, 256, 128]",0.2,0.005,128,0.08094889670610428,0.09230078711161174
"[512, 256, 128]",0.3,0.01,128,0.0768490806221962,0.09240621871096275
"[512, 256, 128]",0.2,0.001,32,0.08143730461597443,0.09251778664372456
"[128, 64, 32]",0.2,0.005,128,0.07192511111497879,0.09266658451928013
"[1024, 512, 256]",0.2,0.005,16,0.080634206533432,0.0926765538335178
"[1024, 512, 256]",0.1,0.005,128,0.06549128890037537,0.09299111177478771
"[512, 256]",0.4,0.005,64,0.0792701244354248,0.0930545963507571
"[512, 256]",0.1,0.0005,16,0.07815564423799515,0.0934752471455074
"[64, 32]",0.2,0.005,16,0.08360842615365982,0.09349481801313564
"[256, 128, 64]",0.4,0.01,64,0.0734548419713974,0.09365191892143689
"[64, 32]",0.1,0.01,128,0.08296583592891693,0.09368798072124113
"[512, 256, 128]",0.1,0.005,128,0.0805298313498497,0.09398177424738285
"[512, 256, 128]",0.1,0.001,16,0.06667105108499527,0.094234713551086
"[64, 32]",0.3,0.005,64,0.08260904997587204,0.09462708234259488
"[1024, 512, 256]",0.2,0.005,128,0.07260561734437943,0.09471974397481982
"[512, 256, 128, 64]",0.2,0.0005,16,0.06664606183767319,0.09478507741708266
"[128, 64]",0.1,0.01,64,0.0768912136554718,0.09481157342292042
"[256, 128, 64, 32]",0.3,0.001,16,0.08602620661258698,0.0952074732739871
"[1024, 512, 256]",0.3,0.01,128,0.07609542459249496,0.09546816945094577
"[512, 256, 128]",0.2,0.0005,16,0.08033844083547592,0.09561930605977707
"[512, 256, 128, 64]",0.3,0.005,16,0.0902557224035263,0.09615511621154538
"[512, 256]",0.2,0.01,64,0.08181338012218475,0.096158699826698
"[1024, 512, 256]",0.2,0.01,128,0.06008279696106911,0.09653284982588645
"[128, 64, 32]",0.4,0.005,32,0.08409982174634933,0.09655244237099977
"[512, 256]",0.2,0.005,16,0.0890621766448021,0.09758844405801509
"[512, 256, 128]",0.3,0.0005,16,0.07403985410928726,0.09786816016501265
"[512, 256, 128]",0.2,0.01,128,0.07331258803606033,0.09793918630502962
"[512, 256, 128, 64]",0.2,0.001,32,0.07422696799039841,0.09807430905589287
"[512, 256, 128, 64]",0.4,0.005,32,0.07475153356790543,0.09843221888680861
[32],0.3,0.005,16,0.083402618765831,0.0986611920310045
"[512, 256, 128]",0.3,0.005,64,0.07912543416023254,0.09879709009035205
"[512, 256, 128]",0.4,0.01,64,0.07902050763368607,0.09908332010999105
"[256, 128, 64, 32]",0.3,0.005,32,0.07994496077299118,0.09915470624504032
"[128, 64, 32]",0.2,0.01,128,0.08163865655660629,0.09925528308028003
"[128, 64, 32]",0.3,0.01,64,0.09009207785129547,0.09949292594147371
"[512, 256, 128]",0.4,0.005,32,0.08326352387666702,0.09949545797627367
"[128, 64]",0.1,0.001,32,0.09046756476163864,0.1001018569809174
"[256, 128, 64]",0.1,0.005,64,0.08206171542406082,0.10097031620119075
"[512, 256]",0.3,0.005,32,0.0830872431397438,0.10098227866574905
"[512, 256]",0.1,0.01,128,0.08283985406160355,0.1013258689946875
[32],0.2,0.01,128,0.08748292922973633,0.10141035292808287
"[256, 128, 64]",0.2,0.001,32,0.08614084124565125,0.10143896990114748
"[512, 256, 128, 64]",0.3,0.001,16,0.07869525998830795,0.10249039085198135
"[512, 256, 128, 64]",0.2,0.005,128,0.07707931101322174,0.10267931111584662
"[256, 128, 64]",0.3,0.005,64,0.08745259046554565,0.1027029816269436
"[256, 128, 64, 32]",0.1,0.01,64,0.0683135911822319,0.10315055169375428
"[512, 256]",0.4,0.005,32,0.09038194268941879,0.1031903834494613
"[512, 256, 128, 64]",0.2,0.001,64,0.07641672343015671,0.1038273086616222
[32],0.2,0.005,16,0.09427718073129654,0.10410856076706058
"[512, 256]",0.3,0.001,64,0.07905793190002441,0.10438428191498415
"[1024, 512, 256]",0.1,0.0005,32,0.08004041761159897,0.10449242369010114
[32],0.2,0.01,64,0.0890744999051094,0.10491182611479234
"[512, 256, 128]",0.3,0.001,32,0.08883409202098846,0.10491623354875554
"[512, 256, 128]",0.2,0.0005,32,0.09351609647274017,0.10537555338673524
"[128, 64]",0.2,0.01,64,0.09326616674661636,0.10562431377549131
"[64, 32]",0.3,0.01,128,0.08906620740890503,0.10589640064876794
"[512, 256, 128, 64]",0.1,0.001,32,0.08031633496284485,0.10605410774170845
"[128, 64, 32]",0.2,0.001,64,0.08571020513772964,0.10630618636352368
"[1024, 512, 256]",0.3,0.001,32,0.08031278103590012,0.10681471901609256
"[256, 128, 64, 32]",0.2,0.001,16,0.08287009596824646,0.10841423641234044
"[512, 256, 128]",0.4,0.005,128,0.09023269265890121,0.10860282513550151
"[256, 128, 64, 32]",0.1,0.0005,32,0.08367324620485306,0.10876221659432374
"[256, 128, 64, 32]",0.1,0.001,64,0.07892180979251862,0.10876422458142238
"[256, 128, 64]",0.1,0.0005,16,0.0937817171216011,0.10891749712527223
"[1024, 512, 256]",0.3,0.001,128,0.08949675410985947,0.10896811415254593
"[128, 64]",0.3,0.005,32,0.09946639090776443,0.10936817931297689
"[64, 32]",0.3,0.005,32,0.10185717791318893,0.10973410323466624
"[256, 128, 64]",0.1,0.001,32,0.09732213616371155,0.10981796177626847
"[512, 256]",0.4,0.01,32,0.0980505496263504,0.10988012396665797
"[128, 64, 32]",0.2,0.001,16,0.09474150091409683,0.11078204105589759
"[512, 256, 128, 64]",0.1,0.0005,32,0.09492047876119614,0.11127525881328151
[32],0.4,0.005,16,0.09065704047679901,0.11168543462252498
"[512, 256, 128, 64]",0.3,0.005,64,0.0634070485830307,0.11178705088318212
"[64, 32]",0.4,0.005,32,0.1030307486653328,0.1120652881358974
"[512, 256]",0.3,0.001,16,0.09799839556217194,0.1124528281006651
"[128, 64]",0.2,0.005,64,0.09279743582010269,0.11265748213783335
"[512, 256]",0.1,0.0005,32,0.08882398903369904,0.11271925164532273
"[1024, 512, 256]",0.3,0.01,32,0.08008266240358353,0.11287415460204481
"[512, 256]",0.1,0.001,64,0.08373825997114182,0.11289275490754601
"[512, 256, 128, 64]",0.2,0.01,128,0.08012257516384125,0.1132948965863433
"[512, 256]",0.3,0.005,64,0.09139854460954666,0.1136933755368222
"[128, 64, 32]",0.4,0.005,64,0.09411920607089996,0.11371513834630104
"[256, 128, 64, 32]",0.4,0.01,128,0.09253596514463425,0.11434864036833235
"[512, 256, 128]",0.3,0.001,16,0.09464602917432785,0.11507664003598905
"[512, 256, 128]",0.3,0.005,128,0.10497446358203888,0.1153922615761687
"[1024, 512, 256]",0.2,0.001,128,0.09828812628984451,0.11543738134596984
"[256, 128, 64]",0.2,0.01,128,0.08258604258298874,0.11575939705832547
"[128, 64]",0.1,0.001,16,0.09337935596704483,0.11585020126735654
"[256, 128, 64, 32]",0.1,0.01,128,0.08105484396219254,0.11655427398751476
"[1024, 512, 256]",0.3,0.0005,32,0.09642835706472397,0.11827537716051698
"[512, 256, 128, 64]",0.4,0.01,128,0.07968556135892868,0.11846178160071519
"[512, 256, 128, 64]",0.3,0.001,32,0.10471893846988678,0.11953644974936387
"[512, 256]",0.1,0.001,32,0.0979108214378357,0.12015013126697703
"[128, 64]",0.1,0.0005,16,0.09693126380443573,0.12015099553647465
"[512, 256, 128, 64]",0.1,0.001,64,0.08640704303979874,0.12151949013160555
"[512, 256, 128, 64]",0.2,0.0005,32,0.09562855958938599,0.12167253917190965
"[128, 64, 32]",0.1,0.001,32,0.10826592892408371,0.12178283409828826
"[512, 256, 128]",0.1,0.0005,16,0.08703538775444031,0.122075359240159
"[64, 32]",0.2,0.001,16,0.10303818434476852,0.12261725158057797
"[256, 128, 64]",0.2,0.0005,16,0.10218710452318192,0.12422201074363111
"[512, 256, 128]",0.1,0.001,64,0.1081586703658104,0.12467308433755109
"[512, 256]",0.4,0.01,64,0.10697991400957108,0.12535496320477227
"[128, 64]",0.2,0.001,32,0.10508780926465988,0.12582363782750186
"[64, 32]",0.4,0.01,64,0.11201661825180054,0.12603309752625647
"[512, 256]",0.2,0.0005,16,0.1028779000043869,0.12607137675373042
"[512, 256, 128]",0.2,0.001,64,0.09968623518943787,0.12676790370653973
"[128, 64]",0.4,0.005,32,0.11735089868307114,0.12710170121290584
"[512, 256]",0.2,0.001,32,0.10611248016357422,0.1271115341776861
"[64, 32]",0.2,0.01,64,0.11355310678482056,0.12747029821059336
"[512, 256]",0.3,0.01,128,0.10536956787109375,0.12812086918615012
"[512, 256, 128]",0.3,0.0005,32,0.11177307367324829,0.12846723851498093
"[64, 32]",0.1,0.005,128,0.10177064687013626,0.12860751939291598
[32],0.2,0.01,32,0.10773509740829468,0.12905894974266
"[128, 64]",0.2,0.01,128,0.11138900369405746,0.12939425054555712
"[64, 32]",0.2,0.005,64,0.11157803982496262,0.12943365117479474
"[256, 128, 64]",0.2,0.005,128,0.09887005388736725,0.12965587638300982
"[256, 128, 64]",0.3,0.01,128,0.1073976457118988,0.12987278060604687
"[256, 128, 64]",0.3,0.001,32,0.11620553582906723,0.12997211168623551
"[1024, 512, 256]",0.2,0.0001,16,0.11563525348901749,0.13043014389191301
"[1024, 512, 256]",0.1,0.001,64,0.10964809358119965,0.13075238451643292
"[512, 256, 128]",0.2,0.0005,64,0.10562434047460556,0.13123941038190814
"[1024, 512, 256]",0.2,0.001,64,0.10283871740102768,0.13170009961796095
"[128, 64, 32]",0.3,0.005,128,0.11508272588253021,0.13188904293147696
"[64, 32]",0.2,0.005,128,0.10403767228126526,0.13201309592810806
"[512, 256, 128, 64]",0.3,0.0005,16,0.11643112450838089,0.13293639182672218
"[128, 64, 32]",0.1,0.005,128,0.1033572256565094,0.1332220676522646
"[256, 128, 64, 32]",0.1,0.0005,16,0.1095549613237381,0.13370988410224952
"[512, 256]",0.2,0.001,128,0.10525265336036682,0.13414206886736374
"[256, 128, 64, 32]",0.2,0.01,128,0.085215725004673,0.13417082983595882
"[1024, 512, 256]",0.1,0.001,128,0.11492752283811569,0.13435521035516831
[32],0.1,0.005,16,0.11398297548294067,0.13488786792312557
"[512, 256]",0.2,0.001,64,0.10381781309843063,0.13602021101703438
"[128, 64]",0.3,0.01,128,0.12454536557197571,0.13635398023863138
[32],0.3,0.005,32,0.1150149405002594,0.1365220289471483
"[512, 256]",0.3,0.001,32,0.11402744054794312,0.13669285529006361
"[64, 32]",0.1,0.0005,16,0.12241894006729126,0.13773544213741137
"[512, 256]",0.4,0.001,32,0.12289678305387497,0.13809374391970564
"[512, 256]",0.4,0.001,16,0.12728136777877808,0.13820234245652352
"[64, 32]",0.3,0.001,16,0.1191549003124237,0.1382815078151045
"[256, 128, 64]",0.1,0.0005,32,0.10455846786499023,0.13854019198911555
"[1024, 512, 256]",0.4,0.005,128,0.10364480316638947,0.13876449822809298
"[256, 128, 64]",0.4,0.01,128,0.120193250477314,0.13880742526793746
"[64, 32]",0.1,0.001,16,0.11762165278196335,0.13956687786361385
"[128, 64, 32]",0.3,0.005,64,0.10355380177497864,0.13997533191332237
"[512, 256, 128, 64]",0.3,0.005,128,0.0917714536190033,0.140012546513552
"[1024, 512, 256]",0.2,0.0005,64,0.121201291680336,0.14015661490487488
"[128, 64, 32]",0.1,0.0005,16,0.11820677667856216,0.1410546956660507
"[128, 64]",0.2,0.001,16,0.1226811483502388,0.14156375906554888
"[512, 256]",0.3,0.005,128,0.1153588593006134,0.1416208977488144
"[512, 256, 128, 64]",0.4,0.005,64,0.12557940185070038,0.1419471863557818
"[128, 64]",0.4,0.01,64,0.12900683283805847,0.1429235180974813
"[1024, 512, 256]",0.1,0.0001,32,0.1005115881562233,0.1431440071328502
"[512, 256]",0.4,0.01,128,0.1208139955997467,0.14379595250102498
"[128, 64]",0.1,0.001,128,0.1169111356139183,0.1441112744291903
"[1024, 512, 256]",0.4,0.001,64,0.11867047846317291,0.14412695165976916
"[1024, 512, 256]",0.3,0.0005,16,0.12430524826049805,0.14428211984543635
"[512, 256]",0.2,0.01,128,0.13352422416210175,0.1444790397885056
"[128, 64]",0.1,0.001,64,0.10633338242769241,0.14472830072509701
"[256, 128, 64]",0.1,0.001,16,0.11601810157299042,0.1447744900191344
"[256, 128, 64]",0.3,0.001,16,0.13419462740421295,0.14547752218706847
"[64, 32]",0.2,0.0005,16,0.11659879237413406,0.14551298401110374
"[512, 256]",0.3,0.0005,64,0.1224544495344162,0.14559962429134723
"[256, 128, 64, 32]",0.2,0.0005,16,0.12009595334529877,0.1461153277103544
"[128, 64, 32]",0.2,0.001,32,0.12966062128543854,0.146152979782986
"[512, 256, 128]",0.4,0.001,16,0.1298653483390808,0.1467306609798249
"[256, 128, 64]",0.2,0.001,64,0.12195811420679092,0.1469356705776026
"[1024, 512, 256]",0.4,0.001,32,0.12908174097537994,0.1474191214784941
[32],0.3,0.0005,16,0.12014270573854446,0.1476327135612906
"[512, 256]",0.2,0.0005,32,0.11992035806179047,0.14763683287294035
[32],0.1,0.001,16,0.12137846648693085,0.14779196461462088
"[256, 128, 64, 32]",0.1,0.001,32,0.115731380879879,0.14827963942727365
"[64, 32]",0.3,0.005,128,0.13091786205768585,0.1484345322864407
[32],0.3,0.005,64,0.12210896611213684,0.14894216478624794
"[256, 128, 64, 32]",0.4,0.005,64,0.12415961921215057,0.14967054281967004
"[512, 256]",0.1,0.005,128,0.12803801894187927,0.14990119436612423
"[256, 128, 64, 32]",0.2,0.001,32,0.13802224397659302,0.15061860948476366
"[1024, 512, 256]",0.1,0.0005,64,0.11409500241279602,0.15121782378330675
"[512, 256]",0.3,0.0005,16,0.1398928016424179,0.15145339971777383
"[128, 64, 32]",0.4,0.01,128,0.10619712620973587,0.15145635747101724
[32],0.2,0.001,16,0.1283167600631714,0.1523713551477325
"[512, 256, 128]",0.4,0.0005,64,0.13287174701690674,0.152404736269453
"[256, 128, 64, 32]",0.4,0.001,16,0.12255093455314636,0.15254733958237562
"[1024, 512, 256]",0.4,0.0005,16,0.13837400078773499,0.15315734195728598
"[256, 128, 64, 32]",0.3,0.005,128,0.11474431306123734,0.15412397596347005
"[1024, 512, 256]",0.3,0.0005,64,0.10827336460351944,0.1543779522308503
"[512, 256, 128]",0.4,0.01,128,0.11983514577150345,0.1547723337632534
"[64, 32]",0.2,0.01,128,0.1239534467458725,0.15494453936724256
"[128, 64]",0.2,0.001,64,0.13421764969825745,0.15508995371370438
"[512, 256, 128]",0.3,0.001,64,0.12620176374912262,0.15518216983615193
[32],0.3,0.01,128,0.12818695604801178,0.15518577068193412
"[128, 64]",0.2,0.0005,16,0.13093583285808563,0.15520640191747537
"[512, 256, 128, 64]",0.4,0.001,16,0.1375836580991745,0.15619430741552615
"[512, 256, 128]",0.1,0.0001,32,0.12947894632816315,0.1563210862103548
"[1024, 512, 256]",0.4,0.0005,64,0.14163294434547424,0.15647881562274812
"[512, 256, 128, 64]",0.1,0.0001,32,0.12756575644016266,0.1569109467721038
"[256, 128, 64]",0.2,0.0005,32,0.1318347454071045,0.1572114096027215
"[512, 256]",0.4,0.005,128,0.14207051694393158,0.15761643992155727
"[512, 256, 128, 64]",0.4,0.001,32,0.13089941442012787,0.15777187674369753
"[512, 256, 128]",0.1,0.0001,16,0.13267017900943756,0.15819859792566388
"[512, 256, 128, 64]",0.4,0.0005,32,0.1310826987028122,0.1590232138560706
[32],0.4,0.005,64,0.1333538442850113,0.15932117212314564
"[512, 256, 128]",0.2,0.001,128,0.14179490506649017,0.15966388568848786
[32],0.3,0.01,64,0.13151854276657104,0.16018064824787254
"[512, 256]",0.2,0.0001,16,0.13414236903190613,0.16019656092713763
"[64, 32]",0.1,0.001,32,0.12816789746284485,0.16062776425873782
[32],0.4,0.01,128,0.13812562823295593,0.16156942573142802
"[256, 128, 64]",0.4,0.005,128,0.1463998407125473,0.1619617180354879
"[512, 256, 128]",0.4,0.001,32,0.148042693734169,0.16206997656908065
"[128, 64]",0.1,0.005,128,0.1250995695590973,0.16221193723017302
"[512, 256]",0.1,0.001,128,0.12975846230983734,0.1624160130036084
"[512, 256]",0.2,0.0001,32,0.14185775816440582,0.16271684762821798
"[128, 64, 32]",0.2,0.0005,16,0.14164236187934875,0.16333359627576832
[32],0.2,0.005,32,0.1369747370481491,0.16450744986585863
"[128, 64]",0.3,0.005,64,0.14209607243537903,0.16494200182954577
"[256, 128, 64]",0.3,0.005,128,0.1352037638425827,0.16643912769636185
[32],0.1,0.01,128,0.14419041574001312,0.16690560377253347
"[128, 64]",0.3,0.005,128,0.1431620866060257,0.16707867619056008
"[128, 64]",0.1,0.0005,32,0.1373215913772583,0.16771438656321824
"[1024, 512, 256]",0.2,0.0001,32,0.13656874001026154,0.16797194366967497
"[128, 64, 32]",0.3,0.001,16,0.15662184357643127,0.16844996561906078
"[128, 64, 32]",0.2,0.0005,32,0.14769423007965088,0.1689524070264455
"[128, 64]",0.4,0.001,32,0.14460279047489166,0.17009320336379646
"[256, 128, 64]",0.4,0.001,16,0.15654617547988892,0.17096757307817176
[32],0.1,0.01,64,0.14490048587322235,0.17107771053642024
"[512, 256, 128]",0.1,0.0005,64,0.15299786627292633,0.17142567640120773
"[1024, 512, 256]",0.1,0.0005,128,0.15356363356113434,0.1726908017017869
"[128, 64]",0.1,0.0005,64,0.14190715551376343,0.17499123108556186
"[512, 256, 128, 64]",0.3,0.001,64,0.14922678470611572,0.1755113755252261
"[512, 256, 128]",0.4,0.0005,16,0.1580139845609665,0.1757057769663455
"[1024, 512, 256]",0.1,0.0001,16,0.1538902074098587,0.17602798840937797
"[1024, 512, 256]",0.2,0.0005,128,0.1482943743467331,0.17655476873907336
[32],0.1,0.01,32,0.14646516740322113,0.17690624938274815
"[64, 32]",0.2,0.0005,32,0.13325536251068115,0.1774149004171306
"[512, 256, 128, 64]",0.3,0.001,128,0.14753131568431854,0.1780900854057327
"[256, 128, 64, 32]",0.4,0.005,128,0.1259949952363968,0.1782052645623833
[32],0.4,0.005,128,0.14925701916217804,0.17822184105255556
[32],0.3,0.001,16,0.1501830369234085,0.17824310812460534
"[128, 64]",0.2,0.0005,64,0.1464080661535263,0.17838108911393086
"[512, 256]",0.3,0.0001,32,0.16060979664325714,0.17907130278009
"[512, 256, 128, 64]",0.2,0.0005,64,0.15951988101005554,0.17918287821179
"[512, 256, 128, 64]",0.3,0.0005,32,0.1559963822364807,0.17920395847465662
[32],0.2,0.001,32,0.15190131962299347,0.1792456023762156
"[128, 64, 32]",0.3,0.001,64,0.1502244919538498,0.17933275615884062
"[512, 256, 128]",0.1,0.0001,64,0.15548105537891388,0.18061351584519042
"[512, 256, 128, 64]",0.1,0.0005,64,0.13986597955226898,0.18078107395344886
"[128, 64]",0.4,0.005,64,0.1632862240076065,0.18105259948645774
"[128, 64, 32]",0.3,0.0005,64,0.15767639875411987,0.18236737836124997
[32],0.2,0.005,64,0.1425810158252716,0.18238449571412457
"[512, 256]",0.4,0.0005,32,0.16009880602359772,0.18259282893141623
"[256, 128, 64, 32]",0.3,0.001,32,0.16823945939540863,0.18261047595741534
"[256, 128, 64, 32]",0.3,0.0005,32,0.15866641700267792,0.1834268419980963
"[512, 256]",0.4,0.0005,128,0.16190949082374573,0.18411666382437417
"[128, 64]",0.4,0.01,128,0.17613887786865234,0.18438888392464062
"[256, 128, 64]",0.3,0.0005,16,0.16977091133594513,0.18496668604263006
"[1024, 512, 256]",0.4,0.0005,32,0.1573958694934845,0.1854021411378094
[32],0.2,0.0005,16,0.1669478565454483,0.18561150278605423
"[64, 32]",0.1,0.0005,32,0.15374916791915894,0.1859529669122879
"[64, 32]",0.4,0.001,16,0.1701584756374359,0.18634703918041404
"[512, 256, 128]",0.4,0.0005,32,0.16463959217071533,0.18682655948979357
"[64, 32]",0.2,0.001,32,0.16704760491847992,0.1886668948983299
"[64, 32]",0.3,0.001,64,0.1672900915145874,0.18879111137517549
"[512, 256, 128, 64]",0.2,0.001,128,0.15844662487506866,0.18932300700553267
"[128, 64]",0.2,0.0005,128,0.1741119772195816,0.1893446700355048
[32],0.1,0.0005,32,0.15259072184562683,0.1894522696406925
"[1024, 512, 256]",0.4,0.001,128,0.15882548689842224,0.18976021486864822
"[256, 128, 64]",0.4,0.001,64,0.15960881114006042,0.18985409924276306
"[128, 64]",0.4,0.005,128,0.1718849092721939,0.1915824915642876
"[256, 128, 64, 32]",0.2,0.001,64,0.17556674778461456,0.19309778532536634
"[512, 256]",0.4,0.0005,16,0.18157368898391724,0.1947641590826793
"[128, 64]",0.2,0.001,128,0.16038264334201813,0.19520431383290468
"[64, 32]",0.4,0.005,64,0.1799762099981308,0.1968297486298457
"[512, 256]",0.1,0.0001,16,0.16579382121562958,0.19714320510502578
"[512, 256]",0.3,0.0001,16,0.173940047621727,0.19749227099747166
"[128, 64]",0.3,0.001,16,0.17445088922977448,0.19771638679147213
"[128, 64, 32]",0.1,0.0005,64,0.17839600145816803,0.19874396500931674
"[128, 64, 32]",0.4,0.001,32,0.17388221621513367,0.1996457721798748
"[128, 64]",0.2,0.0005,32,0.16755062341690063,0.19986660651403712
[32],0.4,0.001,32,0.17503803968429565,0.20025360375279846
"[128, 64]",0.3,0.001,32,0.17483438551425934,0.2003928349839684
"[128, 64]",0.3,0.0005,16,0.17786742746829987,0.20158709109911746
"[64, 32]",0.4,0.001,64,0.1771167516708374,0.20163366406976396
[32],0.1,0.001,32,0.15238632261753082,0.2019109390439335
"[128, 64, 32]",0.3,0.001,128,0.1728895753622055,0.2023564157977245
"[256, 128, 64]",0.1,0.001,64,0.18508340418338776,0.2026249158248397
"[128, 64]",0.3,0.001,64,0.1879289448261261,0.20358408803256017
[32],0.4,0.01,64,0.1734798550605774,0.20473314060356398
"[128, 64, 32]",0.3,0.0005,32,0.18747290968894958,0.20592917104210784
"[512, 256, 128, 64]",0.4,0.001,128,0.18394386768341064,0.2065826810711341
"[256, 128, 64]",0.1,0.0005,64,0.1858021765947342,0.20725447837916994
"[256, 128, 64]",0.3,0.001,128,0.1922636777162552,0.2082408888673836
"[512, 256, 128]",0.3,0.0005,64,0.18478038907051086,0.20892566676269086
"[128, 64, 32]",0.3,0.001,32,0.17656633257865906,0.20909961304022212
"[512, 256, 128]",0.4,0.001,128,0.1862909495830536,0.20914706911711872
"[256, 128, 64]",0.3,0.0005,32,0.18785718083381653,0.20945041600673467
"[64, 32]",0.3,0.0005,16,0.17694121599197388,0.20987069608104783
"[128, 64]",0.1,0.0001,16,0.17205820977687836,0.21047285792441872
"[512, 256]",0.4,0.001,128,0.19870445132255554,0.21096126987609232
"[512, 256, 128]",0.3,0.0005,128,0.17379790544509888,0.21104164554869487
[32],0.3,0.001,64,0.17119792103767395,0.2121161977889499
"[128, 64]",0.4,0.0005,64,0.19182300567626953,0.21214355839622123
"[512, 256]",0.1,0.0005,128,0.1913418173789978,0.21241744415275107
[32],0.3,0.005,128,0.17851464450359344,0.21464381017721582
"[64, 32]",0.4,0.01,128,0.1987784206867218,0.2147003302009497
"[512, 256]",0.2,0.0005,128,0.18940116465091705,0.2153882236644336
"[256, 128, 64]",0.4,0.001,32,0.2058444768190384,0.21638106946735194
"[512, 256, 128, 64]",0.1,0.0001,16,0.19099222123622894,0.21638679382504716
"[512, 256, 128]",0.1,0.001,128,0.1899845153093338,0.21722673638043083
"[256, 128, 64]",0.3,0.001,64,0.18155886232852936,0.21757224330109062
"[512, 256]",0.3,0.0005,128,0.2032228410243988,0.21805751558622277
"[512, 256]",0.4,0.0005,64,0.20203174650669098,0.21862004029966253
[32],0.3,0.0005,64,0.1935390830039978,0.21865991031559232
"[512, 256, 128]",0.3,0.001,128,0.18064111471176147,0.21934911734164497
"[512, 256, 128]",0.4,0.001,64,0.2012951821088791,0.21944258246624446
"[512, 256]",0.3,0.0005,32,0.18418680131435394,0.2195377555914967
"[128, 64, 32]",0.4,0.005,128,0.19232402741909027,0.2212222164161064
"[128, 64, 32]",0.4,0.0005,16,0.20093201100826263,0.22123532564454826
[32],0.1,0.0005,16,0.18961811065673828,0.2215978412527544
"[128, 64]",0.3,0.0005,32,0.1864730715751648,0.2223583872595379
"[512, 256]",0.2,0.0005,64,0.19388064742088318,0.22317704145474895
"[256, 128, 64, 32]",0.1,0.0001,16,0.18832828104496002,0.2232646910771826
"[128, 64]",0.3,0.001,128,0.19367265701293945,0.22428808037587591
[32],0.4,0.001,16,0.19320672750473022,0.2251202205842182
"[128, 64, 32]",0.1,0.0001,32,0.1775446981191635,0.2251208411335109
"[256, 128, 64, 32]",0.4,0.001,32,0.20624999701976776,0.22588459078657055
"[512, 256, 128]",0.2,0.0001,16,0.19618059694766998,0.2274584647923239
"[256, 128, 64]",0.4,0.0005,16,0.21816407144069672,0.227946224119434
"[512, 256, 128]",0.3,0.0001,16,0.20449770987033844,0.22797313919966616
"[64, 32]",0.1,0.001,64,0.18586599826812744,0.22873967753242685
"[64, 32]",0.3,0.001,32,0.20475473999977112,0.22973164179660832
"[512, 256, 128, 64]",0.1,0.001,128,0.19523578882217407,0.22997273393651407
"[512, 256, 128, 64]",0.4,0.001,64,0.19221565127372742,0.23016547599579346
"[512, 256]",0.4,0.001,64,0.21207331120967865,0.23025814228851596
"[1024, 512, 256]",0.3,0.0005,128,0.19551804661750793,0.23106527715360076
[32],0.3,0.001,128,0.1953878551721573,0.2319943880412621
"[1024, 512, 256]",0.3,0.0001,32,0.20529396831989288,0.23200542742961872
"[64, 32]",0.2,0.001,64,0.20120784640312195,0.23220609216967827
[32],0.2,0.005,128,0.20182769000530243,0.2325237035076613
"[128, 64, 32]",0.4,0.001,16,0.21802495419979095,0.23311287077524936
"[512, 256, 128, 64]",0.3,0.0005,64,0.20834797620773315,0.2341280033068639
"[64, 32]",0.4,0.005,128,0.22057084739208221,0.23425494934133756
[32],0.4,0.0005,32,0.2005566507577896,0.23464453616327466
"[1024, 512, 256]",0.1,0.0001,64,0.2041597068309784,0.2357666107269377
"[128, 64, 32]",0.1,0.001,64,0.20025557279586792,0.23590293182624675
"[1024, 512, 256]",0.4,0.0001,16,0.19428551197052002,0.2361696279269323
"[128, 64]",0.3,0.0005,64,0.20834389328956604,0.2367133555411386
"[256, 128, 64]",0.3,0.0005,64,0.21644964814186096,0.2367906379444662
"[1024, 512, 256]",0.4,0.0005,128,0.2057144045829773,0.23700161799600844
"[128, 64]",0.4,0.001,16,0.23183658719062805,0.23833561105212184
"[512, 256]",0.2,0.0001,128,0.19446030259132385,0.23854000081947946
"[128, 64, 32]",0.2,0.0005,64,0.22560462355613708,0.23901239381162062
"[512, 256, 128, 64]",0.1,0.0005,128,0.20808124542236328,0.23908653356630333
"[512, 256, 128, 64]",0.4,0.0005,16,0.2300204038619995,0.23998230991882027
"[64, 32]",0.4,0.0005,16,0.22448472678661346,0.24073490475333678
"[128, 64, 32]",0.1,0.001,128,0.21172548830509186,0.24182286808397663
[32],0.1,0.001,64,0.17938899993896484,0.24309541890054137
[32],0.2,0.0005,32,0.20809541642665863,0.24503137218558407
"[512, 256]",0.1,0.0001,64,0.21848660707473755,0.24601854961615716
"[256, 128, 64, 32]",0.3,0.001,64,0.2071177363395691,0.246284479072873
"[1024, 512, 256]",0.3,0.0001,16,0.20246735215187073,0.2466004619697705
"[256, 128, 64, 32]",0.2,0.0001,64,0.22018377482891083,0.24731058191129715
"[256, 128, 64, 32]",0.4,0.001,64,0.20524176955223083,0.2477086983387415
[32],0.1,0.0005,64,0.2086172252893448,0.2482939563378275
"[128, 64, 32]",0.1,0.0005,32,0.2123039811849594,0.24831349018897098
"[512, 256, 128, 64]",0.4,0.0005,64,0.23508787155151367,0.24851641930960167
"[512, 256]",0.1,0.0001,32,0.199168860912323,0.2489952071400773
"[256, 128, 64, 32]",0.3,0.0005,16,0.24213454127311707,0.24904572630223115
"[512, 256, 128]",0.3,0.0001,32,0.22263768315315247,0.2499067684018901
"[512, 256, 128]",0.1,0.0005,128,0.20750869810581207,0.2499931230195233
[32],0.1,0.005,64,0.2095913290977478,0.25105987828362286
"[256, 128, 64]",0.2,0.0001,16,0.21230155229568481,0.25132947815260154
"[512, 256]",0.1,0.0005,64,0.22358129918575287,0.2549997843245922
"[64, 32]",0.3,0.0001,16,0.2115112692117691,0.25702594937131656
"[512, 256, 128]",0.2,0.0005,128,0.23700934648513794,0.25715213066600207
"[64, 32]",0.4,0.001,32,0.24538077414035797,0.2585279190769258
"[256, 128, 64, 32]",0.1,0.0005,64,0.2315119355916977,0.2585726859050664
"[128, 64]",0.4,0.001,64,0.22270354628562927,0.2594187578954775
"[512, 256]",0.4,0.0001,16,0.22723838686943054,0.260650089872108
[32],0.3,0.001,32,0.22632549703121185,0.260768374724619
"[256, 128, 64, 32]",0.3,0.001,128,0.24830619990825653,0.2608010443505633
[32],0.1,0.0001,64,0.20384785532951355,0.26181841134168304
"[256, 128, 64, 32]",0.2,0.0005,32,0.2363482266664505,0.2623394679616931
"[256, 128, 64]",0.1,0.001,128,0.22385454177856445,0.2627479330348154
"[256, 128, 64, 32]",0.1,0.001,128,0.23696832358837128,0.2630494577424363
"[256, 128, 64, 32]",0.4,0.0005,16,0.2514926493167877,0.2657771656411032
"[64, 32]",0.4,0.0005,32,0.2403692901134491,0.26808028888712865
"[512, 256, 128]",0.2,0.0001,32,0.23990701138973236,0.2704517843565963
"[128, 64]",0.3,0.0005,128,0.23681576550006866,0.2713345313091646
"[128, 64, 32]",0.2,0.0001,16,0.25798699259757996,0.2723822804878933
"[512, 256]",0.4,0.0001,64,0.24926193058490753,0.2727961648505404
"[128, 64, 32]",0.4,0.001,64,0.25072577595710754,0.27421174108345714
"[256, 128, 64]",0.4,0.0005,32,0.2496860772371292,0.2743557226538731
[32],0.4,0.0005,16,0.24138666689395905,0.2754015683644404
"[256, 128, 64]",0.2,0.001,128,0.2408897578716278,0.27813994603234626
"[512, 256]",0.3,0.001,128,0.26158416271209717,0.2783895975173065
"[128, 64, 32]",0.4,0.0005,32,0.2699960172176361,0.2807479456964814
[32],0.1,0.005,128,0.2392183542251587,0.28231978939122043
[32],0.4,0.001,64,0.23819150030612946,0.28293520652257725
"[512, 256, 128]",0.4,0.0005,128,0.24492502212524414,0.28297312374515815
"[256, 128, 64]",0.2,0.0005,64,0.26495078206062317,0.2834308629378677
[32],0.4,0.0005,128,0.21903739869594574,0.28388127655387285
"[256, 128, 64]",0.4,0.0005,64,0.27627480030059814,0.28476060567233874
"[128, 64, 32]",0.3,0.0005,16,0.2691444754600525,0.28714431498192355
[32],0.2,0.0005,64,0.24354927241802216,0.2877656481628359
"[1024, 512, 256]",0.2,0.0001,64,0.25184449553489685,0.2900531136034432
[32],0.3,0.0005,32,0.2558797299861908,0.2905688600769248
"[128, 64]",0.1,0.0001,128,0.2631068527698517,0.291801620097562
"[128, 64]",0.4,0.0005,16,0.2774784564971924,0.29226193678343043
"[256, 128, 64, 32]",0.2,0.0005,64,0.2706677317619324,0.2928204224531499
"[128, 64]",0.4,0.001,128,0.27031445503234863,0.29564944577509494
[32],0.2,0.001,64,0.23946698009967804,0.2971375208163614
"[256, 128, 64]",0.1,0.0001,16,0.27355173230171204,0.2971903355981625
"[1024, 512, 256]",0.4,0.0001,32,0.28128781914711,0.29758186011500315
"[256, 128, 64]",0.1,0.0001,64,0.2631797194480896,0.3027325783953116
"[512, 256, 128, 64]",0.3,0.0005,128,0.2773527204990387,0.30277274104011054
"[128, 64]",0.2,0.0001,16,0.2759803235530853,0.30279140550502315
"[256, 128, 64]",0.3,0.0001,16,0.2809079587459564,0.30337573378450217
"[512, 256]",0.1,0.0001,128,0.2735787034034729,0.3067110551752114
"[256, 128, 64]",0.2,0.0005,128,0.2921803593635559,0.3177064155562423
"[128, 64]",0.4,0.0005,32,0.300716370344162,0.3179262292160397
"[64, 32]",0.1,0.0005,64,0.29003360867500305,0.3181409144777047
"[512, 256, 128]",0.4,0.0001,16,0.27763763070106506,0.31899770854109005
"[64, 32]",0.3,0.0005,64,0.29239392280578613,0.32575101597774625
"[64, 32]",0.4,0.001,128,0.3116189241409302,0.32795548601666924
"[64, 32]",0.2,0.001,128,0.2971862852573395,0.3315282377360953
"[1024, 512, 256]",0.3,0.0001,64,0.31554487347602844,0.33287675577532205
"[64, 32]",0.3,0.001,128,0.2875460982322693,0.33603116880898537
"[128, 64]",0.3,0.0001,16,0.312377005815506,0.337961299759451
"[256, 128, 64, 32]",0.3,0.0005,64,0.3118821978569031,0.3419667067258877
"[512, 256, 128, 64]",0.4,0.0001,16,0.3227718770503998,0.34325303654115946
"[128, 64]",0.4,0.0005,128,0.32462483644485474,0.3440366005396124
"[128, 64, 32]",0.2,0.001,128,0.29706254601478577,0.3452145847605553
"[128, 64]",0.4,0.0001,16,0.3083171844482422,0.34921680552306084
"[512, 256]",0.3,0.0001,64,0.31317928433418274,0.3492884841522014
[32],0.4,0.0001,16,0.2936703860759735,0.34951315253603976
"[256, 128, 64, 32]",0.2,0.001,128,0.33306095004081726,0.35465037281807904
"[256, 128, 64, 32]",0.4,0.0005,32,0.3302290439605713,0.3553475603035722
"[512, 256, 128, 64]",0.2,0.0001,16,0.3336743712425232,0.35584605806559794
[32],0.1,0.001,128,0.3253748118877411,0.3567086070386112
"[256, 128, 64, 32]",0.4,0.0005,64,0.3288869261741638,0.3579672316440332
"[64, 32]",0.1,0.0005,128,0.33062878251075745,0.35882308291981785
"[512, 256, 128]",0.2,0.0001,64,0.3361327350139618,0.3604039306632149
"[64, 32]",0.4,0.0005,128,0.3367282748222351,0.3665342607539572
[32],0.2,0.001,128,0.32551923394203186,0.3697563767944001
"[512, 256]",0.4,0.0001,32,0.34010636806488037,0.3709098159306222
"[256, 128, 64]",0.3,0.0005,128,0.3427652418613434,0.3719009053800086
"[1024, 512, 256]",0.4,0.0001,64,0.3544309139251709,0.37235905614617315
"[512, 256, 128, 64]",0.4,0.0001,32,0.36645978689193726,0.3790474461446175
"[256, 128, 64]",0.1,0.0005,128,0.34282439947128296,0.37958416808183476
"[512, 256]",0.2,0.0001,64,0.3209615647792816,0.3801924318968548
"[128, 64, 32]",0.3,0.0001,16,0.37499597668647766,0.38363584221452546
[32],0.2,0.0001,16,0.33486905694007874,0.3839403975208357
"[128, 64, 32]",0.1,0.0005,128,0.36330971121788025,0.3882456603903847
"[512, 256]",0.4,0.0001,128,0.37371280789375305,0.38904159060749804
[32],0.1,0.0001,16,0.33324602246284485,0.38922237344017674
"[64, 32]",0.3,0.0005,32,0.35353583097457886,0.3907060539076325
"[128, 64]",0.1,0.0001,64,0.35058608651161194,0.3912100416259868
"[128, 64, 32]",0.3,0.0001,32,0.39016300439834595,0.40942330039075076
"[128, 64, 32]",0.4,0.001,128,0.4003598988056183,0.4128603307893904
"[256, 128, 64, 32]",0.2,0.0005,128,0.39406877756118774,0.414885818015137
"[256, 128, 64]",0.1,0.0001,32,0.38400617241859436,0.41537569643020217
"[128, 64]",0.1,0.0005,128,0.3822605013847351,0.4154242130953669
"[128, 64]",0.2,0.0001,64,0.38461458683013916,0.4176241086615214
"[256, 128, 64, 32]",0.3,0.0001,16,0.4041229486465454,0.41778430255816473
"[512, 256, 128]",0.3,0.0001,128,0.4079861044883728,0.4227195868569502
[32],0.4,0.0005,64,0.3911226689815521,0.4295252060005303
"[1024, 512, 256]",0.3,0.0001,128,0.41107380390167236,0.43149742063920576
[32],0.3,0.0001,16,0.3787439167499542,0.4322666444392398
"[128, 64]",0.3,0.0001,32,0.39896807074546814,0.43569333133015536
"[512, 256, 128, 64]",0.4,0.0005,128,0.4260389804840088,0.4387774889776441
"[128, 64, 32]",0.4,0.0005,128,0.42625224590301514,0.4424290580240503
"[256, 128, 64]",0.4,0.001,128,0.42913147807121277,0.4456149797262663
"[1024, 512, 256]",0.2,0.0001,128,0.4327770471572876,0.4496803731399977
"[512, 256, 128, 64]",0.2,0.0001,32,0.43597811460494995,0.45372198504407263
"[512, 256, 128, 64]",0.3,0.0001,32,0.43656522035598755,0.4540329912157401
"[512, 256, 128, 64]",0.1,0.0001,64,0.4366992712020874,0.4681216638087123
"[512, 256, 128]",0.3,0.0001,64,0.45653098821640015,0.47802845036161334
"[256, 128, 64]",0.3,0.0001,32,0.4644058346748352,0.47828933659135037
"[512, 256, 128]",0.4,0.0001,32,0.4600820243358612,0.47857285760653956
"[256, 128, 64]",0.4,0.0005,128,0.4746335446834564,0.4857559515057886
"[512, 256, 128]",0.1,0.0001,128,0.46232450008392334,0.48725415351921525
"[256, 128, 64, 32]",0.4,0.0001,32,0.4710123538970947,0.4880363002539488
"[256, 128, 64, 32]",0.1,0.0001,128,0.4524785578250885,0.4894067077059731
"[64, 32]",0.1,0.001,128,0.48523515462875366,0.4966810609691259
"[256, 128, 64, 32]",0.4,0.0001,16,0.4917011260986328,0.4987767724091386
[32],0.1,0.0001,32,0.4666801393032074,0.5001524156484831
[32],0.4,0.0001,32,0.4690547585487366,0.5042186921707466
"[64, 32]",0.1,0.0001,128,0.4691223204135895,0.507485651320767
[32],0.2,0.0001,64,0.4507083594799042,0.5084392201512364
"[128, 64, 32]",0.2,0.0005,128,0.49852946400642395,0.5088282769553064
"[1024, 512, 256]",0.1,0.0001,128,0.4867648482322693,0.5114061696734017
"[128, 64]",0.3,0.0001,128,0.4898722469806671,0.5129654817363771
"[512, 256, 128, 64]",0.3,0.0001,64,0.49919593334198,0.5131129425806717
"[512, 256]",0.3,0.0001,128,0.4918476641178131,0.5138314003047575
"[64, 32]",0.1,0.0001,16,0.47708261013031006,0.5175723957248498
"[256, 128, 64, 32]",0.1,0.0001,32,0.4935668706893921,0.5175859270767345
"[128, 64]",0.1,0.0001,32,0.4898260533809662,0.5179303967759964
[32],0.4,0.001,128,0.4833158552646637,0.5210677350597904
"[64, 32]",0.1,0.0001,32,0.4773326814174652,0.5240783184942022
"[128, 64]",0.4,0.0001,32,0.5132319927215576,0.5279313099081532
"[512, 256, 128, 64]",0.3,0.0001,16,0.5193970203399658,0.5295203606326426
"[128, 64, 32]",0.2,0.0001,32,0.5082834959030151,0.5299060876882846
"[1024, 512, 256]",0.4,0.0001,128,0.520812451839447,0.5308866660855232
"[256, 128, 64]",0.2,0.0001,128,0.5134108066558838,0.5317663600433339
[32],0.3,0.0001,32,0.4770023822784424,0.5351700328527789
"[256, 128, 64]",0.4,0.0001,16,0.5318692922592163,0.5381851797092627
"[64, 32]",0.2,0.0005,64,0.5202359557151794,0.5416933902848482
"[128, 64]",0.2,0.0001,32,0.525722861289978,0.5476832547787807
"[256, 128, 64]",0.4,0.0001,32,0.5390810966491699,0.5544651284221302
[32],0.3,0.0001,64,0.5277190208435059,0.5574636431672408
"[256, 128, 64, 32]",0.4,0.001,128,0.5456124544143677,0.5613657854437101
"[64, 32]",0.3,0.0001,128,0.5297664403915405,0.5648015672647787
[32],0.3,0.0005,128,0.5252693891525269,0.5666440530313273
"[256, 128, 64, 32]",0.2,0.0001,16,0.5276311635971069,0.5672343547373297
[32],0.1,0.0005,128,0.5459799766540527,0.572936150190649
"[64, 32]",0.1,0.0001,64,0.53825443983078,0.5748046688348143
"[128, 64, 32]",0.1,0.0001,16,0.5644324421882629,0.5780704060113983
"[512, 256, 128, 64]",0.1,0.0001,128,0.5657939910888672,0.5789394827298823
"[128, 64, 32]",0.3,0.0001,128,0.5570960640907288,0.5841266114392085
[32],0.2,0.0005,128,0.5677627325057983,0.5869450362628232
"[512, 256, 128]",0.4,0.0001,64,0.5756819844245911,0.5875742368261346
"[512, 256, 128, 64]",0.2,0.0001,128,0.5683435201644897,0.588858583808157
"[256, 128, 64]",0.2,0.0001,32,0.5745631456375122,0.5906312750427497
"[64, 32]",0.2,0.0005,128,0.5595750212669373,0.5913136841911617
"[256, 128, 64]",0.3,0.0001,64,0.5657781958580017,0.5942237871043317
"[128, 64, 32]",0.3,0.0001,64,0.5767479538917542,0.5967691357584526
"[64, 32]",0.2,0.0001,16,0.5644190311431885,0.5998345117038911
"[256, 128, 64]",0.3,0.0001,128,0.5766104459762573,0.6042608456267636
"[128, 64, 32]",0.4,0.0001,16,0.6053992509841919,0.6188187108276724
"[256, 128, 64]",0.4,0.0001,128,0.6226420998573303,0.6293787158905616
"[128, 64]",0.4,0.0001,128,0.6215771436691284,0.6321001635351635
"[64, 32]",0.4,0.0001,32,0.6263588666915894,0.6386221770102647
"[128, 64, 32]",0.4,0.0005,64,0.6194693446159363,0.6401165828840487
"[256, 128, 64, 32]",0.3,0.0005,128,0.6392211318016052,0.6455717300418495
"[128, 64, 32]",0.1,0.0001,64,0.6254447102546692,0.6476620092929665
"[256, 128, 64, 32]",0.1,0.0001,64,0.6485863924026489,0.6625759315162049
"[64, 32]",0.4,0.0001,64,0.6537914872169495,0.6781029482301618
"[128, 64, 32]",0.4,0.0001,32,0.6671919226646423,0.6782703314242684
"[64, 32]",0.2,0.0001,32,0.6482577919960022,0.6804615524033963
"[512, 256, 128]",0.2,0.0001,128,0.6719681024551392,0.6869727193449359
"[128, 64, 32]",0.3,0.0005,128,0.6799357533454895,0.6897473234392244
"[128, 64]",0.2,0.0001,128,0.6637282967567444,0.6900194775900598
"[256, 128, 64, 32]",0.1,0.0005,128,0.679248571395874,0.6956381303176948
"[256, 128, 64, 32]",0.4,0.0001,64,0.690791666507721,0.6986728860412059
"[128, 64]",0.4,0.0001,64,0.6797656416893005,0.6995197479413526
"[512, 256, 128, 64]",0.4,0.0001,64,0.6952372789382935,0.7028721248697481
"[64, 32]",0.3,0.0001,64,0.682263195514679,0.7092637701677758
"[512, 256, 128, 64]",0.2,0.0005,128,0.69182288646698,0.7100207108176768
"[512, 256, 128, 64]",0.4,0.0001,128,0.7077862024307251,0.7131084370674737
"[256, 128, 64, 32]",0.3,0.0001,64,0.7263516783714294,0.734959957822643
"[64, 32]",0.4,0.0005,64,0.7179844379425049,0.7352601256647733
"[256, 128, 64]",0.2,0.0001,64,0.7219613194465637,0.7373517760340962
"[256, 128, 64, 32]",0.3,0.0001,32,0.7312466502189636,0.7376582428513984
"[512, 256, 128, 64]",0.2,0.0001,64,0.7076590061187744,0.7410280104965976
"[64, 32]",0.4,0.0001,16,0.7353198528289795,0.7430696565314067
"[64, 32]",0.2,0.0001,64,0.7299423813819885,0.7467636775605444
"[512, 256, 128]",0.4,0.0001,128,0.7494656443595886,0.7555300761660757
[32],0.2,0.0001,128,0.7459472417831421,0.7642514110348759
[32],0.3,0.0001,128,0.7305305600166321,0.7694308220253852
"[512, 256, 128, 64]",0.3,0.0001,128,0.7756029963493347,0.783318489691597
"[256, 128, 64]",0.1,0.0001,128,0.7767112255096436,0.7917131903848231
"[64, 32]",0.4,0.0001,128,0.7564133405685425,0.8020290050850475
[32],0.2,0.0001,32,0.7869579195976257,0.8029146015343258
"[256, 128, 64]",0.4,0.0001,64,0.8026577830314636,0.8126789409489206
"[128, 64, 32]",0.1,0.0001,128,0.7915640473365784,0.8138882807540213
"[64, 32]",0.3,0.0005,128,0.8069748878479004,0.819998617519981
"[64, 32]",0.3,0.0001,32,0.8269854784011841,0.8428998832395714
"[256, 128, 64, 32]",0.4,0.0005,128,0.8474021553993225,0.8504734950412445
"[128, 64]",0.3,0.0001,64,0.8365123867988586,0.850721731634912
"[256, 128, 64, 32]",0.2,0.0001,128,0.868184506893158,0.8750597729021605
"[128, 64, 32]",0.4,0.0001,128,0.8936225175857544,0.9055404845318232
"[256, 128, 64, 32]",0.2,0.0001,32,0.9313804507255554,0.9415969655451499
[32],0.4,0.0001,128,0.9179585576057434,0.9572195685255103
"[64, 32]",0.2,0.0001,128,0.9332913160324097,0.960627001708805
"[128, 64, 32]",0.4,0.0001,64,0.9629729986190796,0.9685960155053804
"[256, 128, 64, 32]",0.4,0.0001,128,0.9702824354171753,0.9768425501768433
"[256, 128, 64, 32]",0.3,0.0001,128,0.972152590751648,0.9785281121528898
[32],0.4,0.0001,64,0.9882214665412903,1.00869038515596
"[128, 64, 32]",0.2,0.0001,128,1.0978162288665771,1.1067062837813366
"[128, 64, 32]",0.2,0.0001,64,1.1822774410247803,1.1889141596775294
[32],0.1,0.0001,128,1.3029320240020752,1.357320746078347
