G,AB,H,HR,BB,SO,SB,2B,3B,OPS,OBP,SLG,wOBA,AVG,OBP,SLG,OPS,ISO,BABIP,BB%,K%,BB/K,HR/FB,wOBA,wRC,wRC+,WAR,LD%,GB%,FB%,Pull%,Cent%,Oppo%,Soft%,Med%,Hard%,EV,LA,Barrel%,HardHit%,O-Swing%,Z-Swing%,Swing%,O-Contact%,Z-Contact%,Contact%,SwStr%,Zone%,F-Strike%,OPS_target
159,643,217,41,80,84,73,35,4,1.012,0.416,0.596,0.428,0.337,0.416,0.596,1.012,0.258,0.338,0.109,0.114,0.95,0.24,0.428,156,171,9.1,0.201,0.495,0.304,0.397,0.35600000000000004,0.247,0.10099999999999999,0.43799999999999994,0.461,94.7,7.4,0.153,0.552,0.268,0.728,0.462,0.738,0.878,0.831,0.078,0.42200000000000004,0.589,1.012
161,637,211,29,72,121,23,59,2,0.976,0.41,0.567,0.411,0.331,0.41,0.567,0.976,0.235,0.37,0.099,0.166,0.6,0.15,0.411,145,162,7.8,0.276,0.353,0.37,0.365,0.35700000000000004,0.278,0.106,0.526,0.369,90.0,15.2,0.111,0.418,0.301,0.792,0.51,0.688,0.88,0.815,0.094,0.426,0.614,0.976
152,584,179,39,96,107,14,40,1,0.987,0.408,0.579,0.416,0.307,0.408,0.579,0.987,0.272,0.316,0.139,0.154,0.9,0.16699999999999998,0.416,141,166,7.7,0.237,0.278,0.485,0.46299999999999997,0.355,0.183,0.1,0.49,0.41100000000000003,92.4,20.6,0.124,0.48100000000000004,0.2,0.63,0.381,0.643,0.9390000000000001,0.8490000000000001,0.057,0.42100000000000004,0.595,0.987
162,608,172,54,104,167,1,27,3,0.993,0.389,0.604,0.413,0.283,0.389,0.604,0.993,0.321,0.302,0.14400000000000002,0.23199999999999998,0.62,0.278,0.413,144,161,6.6,0.17800000000000002,0.387,0.436,0.382,0.373,0.245,0.11199999999999999,0.461,0.42700000000000005,93.7,16.1,0.16399999999999998,0.551,0.295,0.735,0.46799999999999997,0.695,0.777,0.746,0.11900000000000001,0.395,0.556,0.993
135,497,151,44,91,143,20,26,8,1.066,0.412,0.654,0.433,0.304,0.412,0.654,1.066,0.35,0.342,0.152,0.239,0.64,0.312,0.433,130,179,6.5,0.182,0.423,0.395,0.389,0.361,0.249,0.098,0.473,0.429,94.4,13.2,0.193,0.5329999999999999,0.33299999999999996,0.7070000000000001,0.48,0.565,0.8140000000000001,0.7090000000000001,0.139,0.39299999999999996,0.5710000000000001,1.066
119,477,156,33,49,88,2,42,0,1.013,0.39,0.623,0.419,0.327,0.39,0.623,1.013,0.296,0.34,0.091,0.16399999999999998,0.56,0.21,0.419,110,171,6.3,0.203,0.4,0.397,0.415,0.344,0.24100000000000002,0.086,0.43,0.484,93.3,13.0,0.152,0.532,0.336,0.855,0.551,0.551,0.895,0.772,0.126,0.415,0.612,1.013
162,670,185,29,72,110,14,40,4,0.826,0.348,0.478,0.354,0.276,0.348,0.478,0.826,0.201,0.291,0.096,0.146,0.65,0.11,0.354,114,126,6.3,0.196,0.33799999999999997,0.465,0.494,0.304,0.20199999999999999,0.131,0.525,0.344,88.4,19.1,0.065,0.36700000000000005,0.253,0.77,0.47100000000000003,0.662,0.912,0.8340000000000001,0.078,0.42100000000000004,0.608,0.826
162,568,156,35,132,129,12,32,1,0.93,0.41,0.519,0.395,0.275,0.41,0.519,0.93,0.245,0.296,0.18600000000000003,0.182,1.02,0.245,0.395,131,154,6.0,0.166,0.51,0.324,0.389,0.40399999999999997,0.207,0.14800000000000002,0.44,0.41100000000000003,93.2,6.7,0.13,0.5529999999999999,0.2,0.602,0.35700000000000004,0.6759999999999999,0.899,0.823,0.063,0.391,0.556,0.93
155,654,180,32,47,175,37,37,2,0.818,0.333,0.485,0.347,0.275,0.333,0.485,0.818,0.209,0.33,0.066,0.245,0.27,0.196,0.347,104,128,5.8,0.185,0.47600000000000003,0.33899999999999997,0.42,0.34299999999999997,0.237,0.141,0.47200000000000003,0.387,92.7,8.5,0.11900000000000001,0.52,0.41,0.73,0.5379999999999999,0.589,0.851,0.732,0.14400000000000002,0.402,0.63,0.818
158,641,177,30,40,121,49,28,11,0.813,0.319,0.495,0.343,0.276,0.319,0.495,0.813,0.218,0.295,0.057999999999999996,0.174,0.33,0.131,0.343,99,114,5.8,0.184,0.38,0.435,0.37799999999999995,0.321,0.301,0.153,0.47100000000000003,0.376,90.7,15.7,0.115,0.45399999999999996,0.344,0.733,0.504,0.684,0.862,0.7909999999999999,0.105,0.413,0.622,0.813
141,540,156,17,63,126,6,38,1,0.825,0.367,0.457,0.357,0.289,0.367,0.457,0.825,0.169,0.348,0.10300000000000001,0.20600000000000002,0.5,0.142,0.357,94,125,5.7,0.161,0.55,0.28800000000000003,0.34299999999999997,0.391,0.266,0.14400000000000002,0.499,0.35700000000000004,91.3,4.7,0.094,0.484,0.27899999999999997,0.6409999999999999,0.43200000000000005,0.619,0.816,0.742,0.111,0.42100000000000004,0.607,0.825
154,588,163,20,92,101,1,31,1,0.809,0.374,0.435,0.352,0.277,0.374,0.435,0.809,0.158,0.303,0.134,0.147,0.91,0.11800000000000001,0.352,103,127,5.6,0.23199999999999998,0.423,0.34600000000000003,0.384,0.32299999999999995,0.293,0.163,0.539,0.299,88.4,12.6,0.075,0.384,0.27,0.62,0.41,0.7709999999999999,0.924,0.863,0.055999999999999994,0.4,0.56,0.809
160,602,153,31,66,137,31,33,2,0.806,0.336,0.47,0.346,0.254,0.336,0.47,0.806,0.216,0.277,0.096,0.19899999999999998,0.48,0.14400000000000002,0.346,99,121,5.5,0.201,0.341,0.45799999999999996,0.46799999999999997,0.33299999999999996,0.19899999999999998,0.14400000000000002,0.502,0.354,91.2,19.2,0.10400000000000001,0.439,0.305,0.73,0.48,0.6609999999999999,0.873,0.7929999999999999,0.099,0.41200000000000003,0.606,0.806
155,565,161,25,57,125,54,30,10,0.868,0.362,0.506,0.37,0.285,0.362,0.506,0.868,0.221,0.325,0.08800000000000001,0.19399999999999998,0.46,0.154,0.37,106,132,5.4,0.19,0.439,0.371,0.42700000000000005,0.331,0.242,0.142,0.524,0.33299999999999996,90.0,11.0,0.076,0.409,0.305,0.67,0.455,0.682,0.885,0.805,0.08900000000000001,0.41100000000000003,0.5720000000000001,0.868
159,636,179,37,59,172,3,32,3,0.861,0.345,0.516,0.363,0.281,0.345,0.516,0.861,0.234,0.324,0.083,0.24100000000000002,0.34,0.19399999999999998,0.363,113,128,5.1,0.185,0.413,0.402,0.41100000000000003,0.358,0.23199999999999998,0.126,0.461,0.413,92.3,13.5,0.139,0.488,0.31,0.7190000000000001,0.48200000000000004,0.596,0.831,0.743,0.124,0.42,0.61,0.861
137,525,173,22,65,94,0,35,0,0.932,0.41,0.522,0.402,0.33,0.41,0.522,0.932,0.192,0.367,0.10800000000000001,0.157,0.69,0.177,0.402,115,163,5.0,0.19399999999999998,0.52,0.28600000000000003,0.314,0.41100000000000003,0.275,0.106,0.47600000000000003,0.418,93.4,5.7,0.095,0.54,0.228,0.685,0.426,0.6809999999999999,0.9009999999999999,0.8340000000000001,0.07,0.433,0.593,0.932
157,574,163,29,80,92,30,37,5,0.886,0.369,0.517,0.372,0.284,0.369,0.517,0.886,0.233,0.289,0.11900000000000001,0.136,0.87,0.139,0.372,112,140,5.0,0.191,0.384,0.425,0.449,0.32899999999999996,0.222,0.11800000000000001,0.494,0.38799999999999996,90.2,14.8,0.10400000000000001,0.445,0.259,0.731,0.465,0.696,0.904,0.8390000000000001,0.075,0.43700000000000006,0.616,0.886
145,546,144,38,30,172,20,36,1,0.857,0.315,0.542,0.358,0.264,0.315,0.542,0.857,0.278,0.314,0.05,0.289,0.17,0.23,0.358,92,128,4.9,0.19699999999999998,0.364,0.439,0.46799999999999997,0.303,0.22899999999999998,0.18899999999999997,0.47600000000000003,0.335,89.1,16.1,0.152,0.41700000000000004,0.433,0.799,0.58,0.518,0.8190000000000001,0.685,0.183,0.40299999999999997,0.6890000000000001,0.857
145,534,142,19,94,125,2,35,0,0.818,0.38,0.438,0.359,0.266,0.38,0.438,0.818,0.172,0.314,0.147,0.196,0.75,0.12300000000000001,0.359,99,136,4.9,0.23199999999999998,0.391,0.377,0.43,0.35,0.22,0.18600000000000003,0.502,0.312,88.3,15.1,0.048,0.36200000000000004,0.21899999999999997,0.604,0.385,0.6990000000000001,0.903,0.8370000000000001,0.063,0.429,0.528,0.818
147,565,138,22,66,154,9,25,3,0.744,0.328,0.416,0.325,0.244,0.328,0.416,0.744,0.172,0.297,0.10300000000000001,0.24100000000000002,0.43,0.152,0.325,81,106,4.9,0.203,0.446,0.35100000000000003,0.46,0.35600000000000004,0.184,0.121,0.528,0.35100000000000003,89.3,13.0,0.109,0.395,0.284,0.733,0.474,0.613,0.7929999999999999,0.731,0.127,0.42200000000000004,0.618,0.744
150,560,143,28,56,159,10,29,9,0.814,0.325,0.489,0.346,0.255,0.325,0.489,0.814,0.234,0.306,0.09,0.256,0.35,0.193,0.346,90,123,4.7,0.191,0.45,0.359,0.39899999999999997,0.35100000000000003,0.25,0.114,0.493,0.39399999999999996,92.0,11.4,0.114,0.517,0.29,0.695,0.46799999999999997,0.624,0.8270000000000001,0.7559999999999999,0.114,0.439,0.625,0.814
148,555,136,39,65,175,9,29,0,0.836,0.328,0.508,0.354,0.245,0.328,0.508,0.836,0.263,0.28,0.10300000000000001,0.27699999999999997,0.37,0.215,0.354,96,126,4.6,0.163,0.368,0.469,0.425,0.345,0.231,0.11199999999999999,0.462,0.426,92.1,15.7,0.161,0.49700000000000005,0.33,0.743,0.486,0.585,0.789,0.703,0.14400000000000002,0.37799999999999995,0.5760000000000001,0.836
156,611,172,24,73,73,28,36,5,0.831,0.356,0.475,0.346,0.282,0.356,0.475,0.831,0.193,0.285,0.106,0.106,1.0,0.10300000000000001,0.346,100,122,4.6,0.22399999999999998,0.34700000000000003,0.428,0.511,0.3,0.18899999999999997,0.165,0.517,0.318,90.0,18.0,0.07,0.40299999999999997,0.309,0.703,0.466,0.7490000000000001,0.925,0.855,0.067,0.4,0.534,0.831
155,596,170,19,56,110,19,31,2,0.79,0.35,0.44,0.343,0.285,0.35,0.44,0.79,0.154,0.319,0.084,0.165,0.51,0.11699999999999999,0.343,95,119,4.6,0.16699999999999998,0.504,0.32899999999999996,0.402,0.315,0.28300000000000003,0.161,0.539,0.301,87.6,7.9,0.061,0.34299999999999997,0.28600000000000003,0.603,0.426,0.6859999999999999,0.883,0.809,0.081,0.441,0.608,0.79
150,619,175,9,49,83,43,27,4,0.729,0.346,0.383,0.322,0.283,0.346,0.383,0.729,0.1,0.312,0.071,0.121,0.59,0.049,0.322,86,104,4.6,0.191,0.469,0.341,0.315,0.397,0.28800000000000003,0.19399999999999998,0.5720000000000001,0.23399999999999999,86.6,10.5,0.017,0.33,0.335,0.613,0.45399999999999996,0.807,0.9470000000000001,0.888,0.051,0.428,0.622,0.729
161,622,163,25,92,87,3,28,4,0.804,0.363,0.441,0.351,0.262,0.363,0.441,0.804,0.178,0.27,0.127,0.12,1.06,0.10099999999999999,0.351,108,126,4.5,0.18600000000000003,0.354,0.46,0.426,0.35200000000000004,0.222,0.142,0.523,0.335,88.6,17.6,0.054000000000000006,0.382,0.223,0.633,0.387,0.747,0.941,0.8740000000000001,0.049,0.401,0.606,0.804
130,499,153,26,40,87,20,29,1,0.881,0.356,0.525,0.37,0.307,0.356,0.525,0.881,0.218,0.319,0.07200000000000001,0.156,0.46,0.141,0.37,92,136,4.4,0.20800000000000002,0.358,0.434,0.436,0.373,0.191,0.156,0.552,0.292,87.9,17.2,0.061,0.314,0.353,0.687,0.499,0.72,0.8740000000000001,0.812,0.09300000000000001,0.43799999999999994,0.622,0.881
150,569,157,25,71,109,8,26,9,0.844,0.358,0.485,0.361,0.276,0.358,0.485,0.844,0.209,0.3,0.109,0.168,0.65,0.149,0.361,102,126,4.3,0.19,0.44799999999999995,0.36200000000000004,0.441,0.344,0.215,0.142,0.475,0.38299999999999995,91.1,10.7,0.08,0.428,0.27699999999999997,0.701,0.45399999999999996,0.67,0.89,0.812,0.085,0.418,0.602,0.844
143,492,123,31,58,104,1,24,0,0.84,0.352,0.488,0.362,0.25,0.352,0.488,0.84,0.238,0.257,0.102,0.182,0.56,0.16899999999999998,0.362,90,136,4.3,0.21100000000000002,0.319,0.47,0.545,0.275,0.18,0.172,0.501,0.326,86.9,22.2,0.059000000000000004,0.28300000000000003,0.32,0.6779999999999999,0.457,0.716,0.9129999999999999,0.828,0.079,0.381,0.585,0.84
145,513,119,30,54,158,0,23,1,0.762,0.306,0.456,0.326,0.232,0.306,0.456,0.762,0.224,0.273,0.095,0.278,0.34,0.17300000000000001,0.326,73,113,4.3,0.19899999999999998,0.315,0.486,0.511,0.289,0.19899999999999998,0.205,0.444,0.35100000000000003,89.5,20.3,0.126,0.40700000000000003,0.345,0.725,0.49700000000000005,0.596,0.8059999999999999,0.7190000000000001,0.14,0.401,0.5760000000000001,0.762
152,592,162,24,74,146,3,30,6,0.829,0.363,0.466,0.359,0.274,0.363,0.466,0.829,0.193,0.324,0.109,0.214,0.51,0.136,0.359,106,130,4.2,0.198,0.41,0.392,0.341,0.33899999999999997,0.319,0.14,0.479,0.381,91.8,12.2,0.095,0.47700000000000004,0.24,0.645,0.423,0.648,0.8809999999999999,0.8079999999999999,0.081,0.452,0.626,0.829
155,639,170,26,45,150,30,35,5,0.778,0.32,0.459,0.333,0.266,0.32,0.459,0.778,0.192,0.31,0.065,0.217,0.3,0.135,0.333,93,108,4.2,0.21,0.396,0.39399999999999996,0.396,0.369,0.235,0.147,0.504,0.349,89.9,13.0,0.084,0.42200000000000004,0.38299999999999995,0.7659999999999999,0.531,0.5589999999999999,0.846,0.7190000000000001,0.149,0.387,0.648,0.778
152,538,140,17,75,124,38,23,0,0.749,0.351,0.398,0.33,0.26,0.351,0.398,0.749,0.138,0.306,0.12,0.198,0.6,0.105,0.33,82,110,4.2,0.20600000000000002,0.405,0.38799999999999996,0.45,0.342,0.20800000000000002,0.182,0.55,0.26899999999999996,86.2,13.6,0.042,0.262,0.23,0.5720000000000001,0.385,0.763,0.882,0.843,0.06,0.455,0.5770000000000001,0.749
151,585,164,15,39,100,31,32,2,0.747,0.329,0.419,0.323,0.28,0.329,0.419,0.747,0.138,0.312,0.061,0.156,0.39,0.094,0.323,80,101,4.2,0.209,0.46399999999999997,0.327,0.33,0.348,0.322,0.111,0.585,0.304,88.1,10.2,0.047,0.35200000000000004,0.32299999999999995,0.589,0.445,0.8029999999999999,0.907,0.866,0.06,0.457,0.602,0.747
148,596,167,33,46,107,13,30,5,0.849,0.336,0.513,0.358,0.28,0.336,0.513,0.849,0.233,0.289,0.07,0.162,0.43,0.156,0.358,102,125,4.1,0.19699999999999998,0.37799999999999995,0.425,0.545,0.302,0.153,0.115,0.519,0.366,88.7,16.5,0.08199999999999999,0.389,0.38799999999999996,0.795,0.546,0.6970000000000001,0.9059999999999999,0.815,0.1,0.38799999999999996,0.568,0.849
141,575,148,25,53,141,29,33,1,0.77,0.322,0.449,0.332,0.257,0.322,0.449,0.77,0.191,0.299,0.083,0.222,0.38,0.17,0.332,84,112,4.1,0.192,0.47100000000000003,0.336,0.436,0.39,0.174,0.12300000000000001,0.47,0.406,91.9,11.0,0.11,0.489,0.35700000000000004,0.8170000000000001,0.54,0.583,0.8029999999999999,0.716,0.153,0.39899999999999997,0.633,0.77
151,483,120,23,68,181,16,16,3,0.79,0.353,0.437,0.344,0.248,0.353,0.437,0.79,0.188,0.343,0.12,0.319,0.38,0.184,0.344,81,118,4.0,0.214,0.375,0.41100000000000003,0.49,0.29100000000000004,0.21899999999999997,0.17,0.539,0.29100000000000004,87.9,15.7,0.111,0.395,0.281,0.7170000000000001,0.45899999999999996,0.456,0.784,0.6659999999999999,0.153,0.409,0.575,0.79
157,582,150,33,62,127,11,36,2,0.83,0.333,0.497,0.351,0.258,0.333,0.497,0.83,0.239,0.272,0.094,0.192,0.49,0.159,0.351,98,119,3.9,0.168,0.382,0.449,0.428,0.33299999999999996,0.24,0.19899999999999998,0.47100000000000003,0.33,88.0,15.8,0.11199999999999999,0.401,0.304,0.74,0.485,0.586,0.852,0.755,0.11900000000000001,0.41600000000000004,0.602,0.83
138,488,136,18,47,90,27,22,8,0.819,0.352,0.467,0.353,0.279,0.352,0.467,0.819,0.189,0.308,0.085,0.162,0.52,0.114,0.353,84,115,3.9,0.196,0.385,0.419,0.445,0.335,0.22,0.156,0.594,0.249,86.7,16.1,0.032,0.276,0.27699999999999997,0.581,0.41200000000000003,0.715,0.905,0.8340000000000001,0.068,0.445,0.606,0.819
135,571,175,20,27,115,5,30,3,0.814,0.339,0.475,0.349,0.306,0.339,0.475,0.814,0.168,0.355,0.045,0.191,0.23,0.165,0.349,89,124,3.9,0.27399999999999997,0.461,0.265,0.27,0.325,0.406,0.136,0.504,0.36,90.2,6.1,0.096,0.449,0.408,0.784,0.5660000000000001,0.6940000000000001,0.907,0.818,0.10300000000000001,0.42,0.632,0.814
126,464,121,19,63,89,3,21,2,0.797,0.359,0.438,0.345,0.261,0.359,0.438,0.797,0.177,0.277,0.114,0.161,0.71,0.11199999999999999,0.345,80,118,3.9,0.18899999999999997,0.37200000000000005,0.439,0.377,0.344,0.27899999999999997,0.142,0.501,0.35700000000000004,89.3,15.6,0.067,0.413,0.284,0.7020000000000001,0.457,0.7709999999999999,0.861,0.828,0.078,0.415,0.5870000000000001,0.797
144,550,153,19,78,140,28,34,1,0.818,0.37,0.447,0.353,0.278,0.37,0.447,0.818,0.169,0.342,0.12300000000000001,0.222,0.56,0.20199999999999999,0.353,95,122,3.8,0.198,0.573,0.22899999999999998,0.353,0.35,0.297,0.146,0.462,0.392,91.7,3.5,0.092,0.499,0.28,0.703,0.45,0.597,0.853,0.758,0.109,0.402,0.578,0.818
138,505,148,18,25,101,20,33,3,0.808,0.331,0.477,0.345,0.293,0.331,0.477,0.808,0.184,0.334,0.046,0.187,0.25,0.145,0.345,77,115,3.8,0.222,0.47200000000000003,0.306,0.358,0.37,0.272,0.16699999999999998,0.45799999999999996,0.375,90.9,7.6,0.1,0.485,0.41600000000000004,0.682,0.527,0.6829999999999999,0.862,0.78,0.11599999999999999,0.418,0.623,0.808
153,557,140,15,32,112,30,27,5,0.712,0.314,0.399,0.309,0.251,0.314,0.399,0.712,0.147,0.289,0.052000000000000005,0.182,0.29,0.092,0.309,70,96,3.8,0.174,0.45299999999999996,0.373,0.431,0.32299999999999995,0.24600000000000002,0.217,0.515,0.268,84.8,13.1,0.055,0.27,0.42700000000000005,0.7040000000000001,0.539,0.6890000000000001,0.8440000000000001,0.7709999999999999,0.12300000000000001,0.40399999999999997,0.596,0.712
158,596,163,25,67,98,13,28,2,0.8,0.347,0.453,0.346,0.273,0.347,0.453,0.8,0.18,0.288,0.1,0.146,0.68,0.126,0.346,97,120,3.6,0.21100000000000002,0.392,0.396,0.366,0.384,0.25,0.12300000000000001,0.5489999999999999,0.32799999999999996,89.7,15.1,0.079,0.40299999999999997,0.295,0.711,0.467,0.687,0.878,0.8079999999999999,0.09,0.414,0.621,0.8
126,457,134,21,80,119,11,29,1,0.9,0.401,0.499,0.384,0.293,0.401,0.499,0.9,0.206,0.352,0.147,0.218,0.67,0.204,0.384,96,143,3.5,0.249,0.447,0.305,0.374,0.371,0.254,0.146,0.447,0.406,91.8,9.1,0.152,0.46799999999999997,0.366,0.7959999999999999,0.512,0.528,0.831,0.688,0.16,0.33899999999999997,0.579,0.9
120,495,134,14,22,120,23,26,2,0.731,0.315,0.416,0.316,0.271,0.315,0.416,0.731,0.145,0.331,0.042,0.226,0.18,0.109,0.316,64,100,3.5,0.21100000000000002,0.441,0.349,0.47700000000000004,0.302,0.22,0.192,0.504,0.304,85.9,10.8,0.048,0.337,0.4,0.6779999999999999,0.511,0.657,0.9209999999999999,0.7959999999999999,0.10400000000000001,0.397,0.6579999999999999,0.731
162,598,139,22,70,214,2,29,0,0.714,0.323,0.391,0.313,0.232,0.323,0.391,0.714,0.159,0.314,0.10099999999999999,0.308,0.33,0.129,0.313,82,104,3.5,0.228,0.33899999999999997,0.433,0.46799999999999997,0.332,0.2,0.129,0.504,0.36700000000000005,90.3,18.9,0.127,0.43,0.264,0.685,0.445,0.508,0.804,0.7040000000000001,0.132,0.43,0.602,0.714
153,580,157,33,62,126,5,34,0,0.851,0.351,0.5,0.359,0.271,0.351,0.5,0.851,0.229,0.292,0.095,0.192,0.49,0.184,0.359,102,124,3.4,0.18,0.428,0.39299999999999996,0.41100000000000003,0.348,0.24100000000000002,0.153,0.433,0.414,93.1,12.4,0.127,0.547,0.361,0.7909999999999999,0.525,0.708,0.7979999999999999,0.76,0.126,0.382,0.59,0.851
154,593,159,25,87,161,11,31,0,0.81,0.363,0.447,0.35,0.268,0.363,0.447,0.81,0.179,0.327,0.127,0.23399999999999999,0.54,0.154,0.35,102,122,3.4,0.21600000000000003,0.41100000000000003,0.37200000000000005,0.331,0.35200000000000004,0.317,0.14,0.478,0.382,91.3,12.8,0.11900000000000001,0.507,0.29100000000000004,0.638,0.439,0.682,0.7979999999999999,0.754,0.10800000000000001,0.42700000000000005,0.607,0.81
158,580,144,21,99,153,14,35,4,0.791,0.36,0.431,0.345,0.248,0.36,0.431,0.791,0.183,0.299,0.14300000000000002,0.221,0.65,0.131,0.345,100,120,3.4,0.213,0.41700000000000004,0.37,0.376,0.36700000000000005,0.256,0.155,0.5329999999999999,0.312,89.9,13.0,0.09,0.39,0.268,0.687,0.444,0.633,0.845,0.7709999999999999,0.102,0.42,0.593,0.791
138,543,140,30,50,109,3,21,0,0.782,0.319,0.462,0.334,0.258,0.319,0.462,0.782,0.204,0.268,0.083,0.18100000000000002,0.46,0.153,0.334,81,113,3.4,0.152,0.402,0.445,0.384,0.35,0.266,0.166,0.475,0.359,91.0,15.0,0.105,0.45899999999999996,0.32,0.727,0.493,0.637,0.8590000000000001,0.7759999999999999,0.11,0.424,0.622,0.782
147,574,203,10,35,34,3,30,3,0.861,0.393,0.469,0.369,0.354,0.393,0.469,0.861,0.115,0.362,0.057,0.055,1.03,0.065,0.369,101,130,3.3,0.285,0.429,0.287,0.29600000000000004,0.392,0.313,0.099,0.603,0.298,88.3,11.5,0.035,0.252,0.35700000000000004,0.688,0.508,0.914,0.953,0.938,0.031,0.45399999999999996,0.601,0.861
149,553,120,24,71,165,5,29,2,0.717,0.31,0.407,0.311,0.217,0.31,0.407,0.717,0.19,0.259,0.111,0.259,0.43,0.136,0.311,74,94,3.3,0.193,0.36,0.447,0.46399999999999997,0.358,0.17800000000000002,0.183,0.46399999999999997,0.353,87.4,18.2,0.124,0.361,0.35600000000000004,0.736,0.499,0.565,0.835,0.715,0.142,0.377,0.603,0.717
144,530,145,40,57,134,0,29,1,0.905,0.346,0.558,0.381,0.274,0.346,0.558,0.905,0.285,0.293,0.096,0.226,0.43,0.247,0.381,103,140,3.2,0.196,0.397,0.40700000000000003,0.43200000000000005,0.28600000000000003,0.281,0.131,0.455,0.415,91.8,15.6,0.166,0.49,0.325,0.718,0.485,0.595,0.851,0.7490000000000001,0.122,0.405,0.6,0.905
138,515,147,20,59,130,6,31,6,0.842,0.357,0.485,0.358,0.285,0.357,0.485,0.842,0.2,0.341,0.10099999999999999,0.223,0.45,0.14800000000000002,0.358,90,128,3.2,0.22399999999999998,0.431,0.344,0.39799999999999996,0.37799999999999995,0.22399999999999998,0.14,0.48200000000000004,0.37799999999999995,91.4,10.8,0.105,0.48,0.235,0.624,0.409,0.6859999999999999,0.865,0.8079999999999999,0.078,0.447,0.599,0.842
140,505,127,22,53,127,8,39,3,0.807,0.336,0.471,0.346,0.251,0.336,0.471,0.807,0.22,0.292,0.092,0.22,0.42,0.142,0.346,83,118,3.2,0.19399999999999998,0.401,0.406,0.455,0.319,0.225,0.162,0.524,0.314,88.3,14.1,0.078,0.363,0.32,0.6990000000000001,0.473,0.654,0.872,0.784,0.102,0.40299999999999997,0.578,0.807
157,628,168,28,36,176,20,36,3,0.783,0.315,0.468,0.334,0.268,0.315,0.468,0.783,0.201,0.325,0.053,0.258,0.2,0.16399999999999998,0.334,92,110,3.2,0.187,0.44,0.373,0.512,0.29600000000000004,0.192,0.192,0.455,0.353,88.5,10.8,0.096,0.405,0.306,0.621,0.436,0.644,0.897,0.7929999999999999,0.09,0.413,0.603,0.783
124,494,134,15,28,104,10,31,7,0.762,0.309,0.453,0.324,0.271,0.309,0.453,0.762,0.182,0.315,0.053,0.198,0.27,0.098,0.324,67,100,3.2,0.191,0.418,0.39,0.31,0.374,0.316,0.102,0.529,0.369,92.2,13.2,0.07400000000000001,0.483,0.33299999999999996,0.627,0.455,0.6559999999999999,0.924,0.81,0.086,0.41600000000000004,0.613,0.762
158,638,171,5,70,75,21,36,7,0.71,0.34,0.37,0.313,0.268,0.34,0.37,0.71,0.102,0.294,0.09699999999999999,0.10400000000000001,0.93,0.03,0.313,84,99,3.2,0.253,0.45,0.297,0.3,0.386,0.314,0.132,0.684,0.184,86.0,10.7,0.011000000000000001,0.188,0.248,0.604,0.41,0.797,0.956,0.904,0.039,0.455,0.62,0.71
151,551,140,23,80,156,22,19,3,0.789,0.364,0.425,0.347,0.254,0.364,0.425,0.789,0.171,0.31,0.122,0.239,0.51,0.14800000000000002,0.347,95,125,3.0,0.18100000000000002,0.43,0.389,0.41,0.363,0.228,0.135,0.48,0.385,91.7,11.3,0.12300000000000001,0.48,0.3,0.635,0.43,0.637,0.789,0.7240000000000001,0.11900000000000001,0.39,0.604,0.789
117,426,111,14,72,99,11,23,1,0.784,0.367,0.418,0.344,0.261,0.367,0.418,0.784,0.157,0.307,0.14300000000000002,0.19699999999999998,0.73,0.136,0.344,72,118,3.0,0.18899999999999997,0.49700000000000005,0.314,0.34700000000000003,0.408,0.245,0.14800000000000002,0.489,0.363,89.1,7.2,0.08800000000000001,0.37799999999999995,0.204,0.545,0.353,0.723,0.8909999999999999,0.836,0.057999999999999996,0.43799999999999994,0.545,0.784
140,509,122,17,62,165,4,39,2,0.755,0.33,0.424,0.328,0.24,0.33,0.424,0.755,0.185,0.319,0.107,0.284,0.38,0.099,0.328,76,110,3.0,0.156,0.35,0.494,0.39299999999999996,0.373,0.23399999999999999,0.162,0.436,0.402,93.5,18.5,0.171,0.561,0.225,0.6920000000000001,0.433,0.598,0.7829999999999999,0.73,0.11699999999999999,0.446,0.606,0.755
154,568,123,46,65,151,4,21,2,0.821,0.318,0.504,0.346,0.217,0.318,0.504,0.821,0.287,0.205,0.099,0.22899999999999998,0.43,0.22899999999999998,0.346,95,121,2.8,0.157,0.366,0.47700000000000004,0.444,0.325,0.23,0.16399999999999998,0.489,0.34700000000000003,89.5,18.2,0.147,0.39899999999999997,0.302,0.6409999999999999,0.43700000000000006,0.647,0.846,0.764,0.10300000000000001,0.39899999999999997,0.5870000000000001,0.821
150,577,152,10,43,129,13,32,3,0.705,0.324,0.381,0.31,0.263,0.324,0.381,0.705,0.118,0.323,0.068,0.203,0.33,0.085,0.31,73,97,2.8,0.191,0.5429999999999999,0.266,0.449,0.34,0.21100000000000002,0.151,0.5489999999999999,0.3,88.0,5.5,0.04,0.35100000000000003,0.381,0.754,0.529,0.531,0.897,0.738,0.139,0.397,0.64,0.705
125,485,127,26,25,136,0,30,3,0.803,0.306,0.497,0.339,0.262,0.306,0.497,0.803,0.235,0.308,0.048,0.26,0.18,0.191,0.339,73,114,2.7,0.192,0.424,0.384,0.415,0.35600000000000004,0.22899999999999998,0.175,0.469,0.35600000000000004,89.9,11.8,0.11,0.46299999999999997,0.38299999999999995,0.706,0.517,0.564,0.84,0.72,0.14400000000000002,0.414,0.627,0.803
122,478,127,23,30,151,1,25,1,0.781,0.315,0.467,0.334,0.266,0.315,0.467,0.781,0.201,0.34,0.057999999999999996,0.293,0.2,0.17800000000000002,0.334,70,112,2.7,0.243,0.365,0.392,0.368,0.39799999999999996,0.23399999999999999,0.076,0.514,0.41,91.8,15.0,0.11900000000000001,0.47100000000000003,0.361,0.742,0.519,0.584,0.84,0.736,0.13699999999999998,0.414,0.672,0.781
161,623,163,17,93,165,1,38,3,0.775,0.36,0.414,0.34,0.262,0.36,0.414,0.775,0.152,0.329,0.128,0.228,0.56,0.12300000000000001,0.34,101,117,2.7,0.223,0.47700000000000004,0.299,0.29100000000000004,0.401,0.308,0.163,0.47700000000000004,0.36,89.8,7.2,0.065,0.414,0.26,0.685,0.43799999999999994,0.675,0.8959999999999999,0.82,0.079,0.419,0.565,0.775
144,560,149,26,41,101,3,26,2,0.774,0.315,0.459,0.327,0.266,0.315,0.459,0.774,0.193,0.279,0.067,0.165,0.41,0.138,0.327,79,106,2.7,0.20800000000000002,0.38799999999999996,0.405,0.501,0.304,0.195,0.16699999999999998,0.495,0.33799999999999997,88.8,16.9,0.073,0.381,0.368,0.6709999999999999,0.485,0.6890000000000001,0.919,0.812,0.091,0.38799999999999996,0.5820000000000001,0.774
135,482,102,36,85,153,1,17,1,0.808,0.333,0.475,0.344,0.212,0.333,0.475,0.808,0.263,0.221,0.147,0.264,0.56,0.218,0.344,83,118,2.6,0.17300000000000001,0.33399999999999996,0.493,0.531,0.284,0.185,0.134,0.49,0.376,91.2,21.7,0.146,0.46,0.26,0.596,0.392,0.578,0.8140000000000001,0.7190000000000001,0.11,0.39299999999999996,0.584,0.808
153,591,152,28,55,152,5,41,1,0.797,0.325,0.472,0.34,0.257,0.325,0.472,0.797,0.215,0.299,0.084,0.23199999999999998,0.36,0.127,0.34,92,119,2.6,0.153,0.35,0.49700000000000005,0.46,0.327,0.212,0.19399999999999998,0.418,0.38799999999999996,90.6,20.2,0.102,0.46,0.377,0.6779999999999999,0.491,0.708,0.8590000000000001,0.787,0.10400000000000001,0.37799999999999995,0.627,0.797
144,447,100,26,75,172,13,21,2,0.793,0.339,0.454,0.341,0.224,0.339,0.454,0.793,0.23,0.29,0.14,0.322,0.44,0.17300000000000001,0.341,75,112,2.6,0.18600000000000003,0.27899999999999997,0.536,0.41600000000000004,0.36700000000000005,0.217,0.17800000000000002,0.48,0.342,90.5,22.4,0.157,0.434,0.22,0.625,0.389,0.527,0.8140000000000001,0.72,0.109,0.418,0.537,0.793
144,520,143,16,38,141,5,36,2,0.769,0.325,0.444,0.33,0.275,0.325,0.444,0.769,0.169,0.345,0.067,0.249,0.27,0.11,0.33,74,112,2.5,0.16899999999999998,0.451,0.38,0.406,0.35200000000000004,0.242,0.146,0.49700000000000005,0.35700000000000004,89.4,10.4,0.08900000000000001,0.401,0.335,0.653,0.465,0.5589999999999999,0.867,0.735,0.12300000000000001,0.40700000000000003,0.629,0.769
139,488,129,17,39,102,1,25,0,0.741,0.321,0.42,0.321,0.264,0.321,0.42,0.741,0.156,0.301,0.073,0.191,0.38,0.14800000000000002,0.321,66,100,2.4,0.16699999999999998,0.537,0.29600000000000004,0.43200000000000005,0.342,0.226,0.198,0.486,0.316,88.2,5.4,0.069,0.409,0.287,0.688,0.461,0.643,0.8440000000000001,0.773,0.10400000000000001,0.434,0.632,0.741
143,511,136,14,35,117,14,31,3,0.733,0.312,0.421,0.316,0.266,0.312,0.421,0.733,0.155,0.318,0.063,0.21100000000000002,0.3,0.10400000000000001,0.316,66,100,2.4,0.221,0.442,0.337,0.302,0.39899999999999997,0.299,0.142,0.541,0.317,90.1,10.2,0.07200000000000001,0.424,0.32299999999999995,0.716,0.491,0.621,0.8690000000000001,0.775,0.11,0.42700000000000005,0.626,0.733
156,585,158,10,39,65,10,25,4,0.711,0.333,0.378,0.314,0.27,0.333,0.378,0.711,0.108,0.288,0.06,0.1,0.6,0.051,0.314,77,100,2.4,0.201,0.41700000000000004,0.382,0.413,0.331,0.257,0.18600000000000003,0.606,0.207,86.0,14.4,0.013000000000000001,0.27,0.33799999999999997,0.7659999999999999,0.526,0.774,0.9359999999999999,0.878,0.064,0.439,0.634,0.711
137,479,119,13,35,84,27,25,4,0.705,0.307,0.399,0.306,0.248,0.307,0.399,0.705,0.15,0.275,0.066,0.159,0.42,0.102,0.306,59,92,2.4,0.168,0.51,0.322,0.43,0.363,0.20600000000000002,0.177,0.485,0.33799999999999997,89.1,7.5,0.05,0.386,0.311,0.636,0.456,0.716,0.941,0.856,0.066,0.444,0.619,0.705
151,563,138,18,32,118,47,28,6,0.712,0.3,0.412,0.306,0.245,0.3,0.412,0.712,0.167,0.279,0.052000000000000005,0.192,0.27,0.107,0.306,69,91,2.3,0.182,0.43700000000000006,0.381,0.375,0.38799999999999996,0.237,0.177,0.532,0.29,87.4,13.5,0.069,0.35700000000000004,0.386,0.723,0.53,0.7,0.879,0.805,0.10300000000000001,0.429,0.643,0.712
141,492,123,34,32,149,1,28,1,0.828,0.309,0.518,0.349,0.25,0.309,0.518,0.828,0.268,0.284,0.059000000000000004,0.276,0.21,0.254,0.349,80,120,2.2,0.184,0.429,0.386,0.49,0.32899999999999996,0.182,0.187,0.40299999999999997,0.409,91.9,12.3,0.16699999999999998,0.493,0.413,0.722,0.54,0.506,0.826,0.6829999999999999,0.171,0.413,0.626,0.828
137,463,114,30,49,172,4,20,1,0.817,0.329,0.488,0.348,0.246,0.329,0.488,0.817,0.242,0.317,0.09300000000000001,0.327,0.28,0.21600000000000003,0.348,77,126,2.1,0.193,0.336,0.47100000000000003,0.342,0.41,0.247,0.11900000000000001,0.505,0.376,91.6,17.6,0.156,0.495,0.32,0.664,0.461,0.449,0.7859999999999999,0.649,0.162,0.41100000000000003,0.597,0.817
145,574,151,24,53,138,12,31,5,0.79,0.33,0.46,0.338,0.263,0.33,0.46,0.79,0.197,0.304,0.083,0.21600000000000003,0.38,0.16399999999999998,0.338,88,109,2.1,0.24,0.43,0.33,0.39399999999999996,0.33299999999999996,0.27399999999999997,0.10400000000000001,0.5720000000000001,0.324,90.9,10.9,0.111,0.47100000000000003,0.302,0.7509999999999999,0.474,0.55,0.858,0.737,0.125,0.38299999999999995,0.5670000000000001,0.79
135,489,123,20,35,138,16,28,5,0.762,0.31,0.452,0.324,0.252,0.31,0.452,0.762,0.2,0.307,0.065,0.256,0.25,0.132,0.324,68,102,2.1,0.19899999999999998,0.376,0.424,0.433,0.32899999999999996,0.239,0.146,0.525,0.32899999999999996,89.8,16.6,0.11199999999999999,0.42700000000000005,0.341,0.72,0.503,0.638,0.8340000000000001,0.758,0.122,0.428,0.598,0.762
144,480,119,18,52,152,1,23,1,0.738,0.325,0.413,0.321,0.248,0.325,0.413,0.738,0.165,0.32,0.095,0.278,0.34,0.196,0.321,68,103,2.1,0.198,0.527,0.275,0.413,0.332,0.254,0.12,0.53,0.35,91.1,7.8,0.095,0.44299999999999995,0.303,0.828,0.53,0.49,0.782,0.687,0.165,0.431,0.654,0.738
123,464,126,4,38,115,23,20,4,0.681,0.323,0.358,0.299,0.272,0.323,0.358,0.681,0.086,0.344,0.07400000000000001,0.223,0.33,0.040999999999999995,0.299,54,83,2.1,0.24600000000000002,0.48,0.27399999999999997,0.331,0.39399999999999996,0.275,0.139,0.489,0.37200000000000005,91.8,6.1,0.039,0.506,0.244,0.657,0.429,0.698,0.877,0.82,0.077,0.447,0.645,0.681
158,527,116,20,45,135,16,23,3,0.674,0.285,0.389,0.293,0.22,0.285,0.389,0.674,0.169,0.256,0.077,0.23199999999999998,0.33,0.11199999999999999,0.293,58,85,2.1,0.203,0.325,0.47200000000000003,0.508,0.263,0.23,0.19699999999999998,0.51,0.293,87.8,20.5,0.073,0.36,0.324,0.711,0.494,0.64,0.871,0.7859999999999999,0.105,0.439,0.613,0.674
156,582,158,23,68,139,15,37,3,0.82,0.356,0.464,0.355,0.271,0.356,0.464,0.82,0.192,0.318,0.102,0.209,0.49,0.12,0.355,101,117,1.9,0.195,0.376,0.43,0.436,0.322,0.242,0.166,0.512,0.322,88.7,15.3,0.067,0.371,0.27699999999999997,0.6509999999999999,0.43799999999999994,0.659,0.853,0.7829999999999999,0.095,0.43200000000000005,0.595,0.82
145,551,144,24,33,103,5,35,2,0.772,0.309,0.463,0.329,0.261,0.309,0.463,0.772,0.201,0.282,0.055999999999999994,0.174,0.32,0.15,0.329,78,105,1.9,0.213,0.431,0.35600000000000004,0.4,0.349,0.251,0.142,0.46399999999999997,0.39299999999999996,89.7,10.6,0.084,0.46,0.33399999999999996,0.7,0.49,0.6990000000000001,0.9229999999999999,0.835,0.081,0.426,0.622,0.772
160,625,161,26,38,211,7,29,2,0.741,0.305,0.435,0.317,0.258,0.305,0.435,0.741,0.178,0.342,0.055999999999999994,0.311,0.18,0.166,0.317,82,106,1.9,0.195,0.43200000000000005,0.373,0.382,0.363,0.254,0.157,0.444,0.39899999999999997,91.3,12.3,0.138,0.494,0.385,0.7490000000000001,0.536,0.498,0.7909999999999999,0.669,0.17800000000000002,0.41600000000000004,0.652,0.741
137,504,126,36,66,141,1,24,0,0.853,0.341,0.512,0.361,0.25,0.341,0.512,0.853,0.262,0.272,0.114,0.243,0.47,0.212,0.361,91,125,1.8,0.18,0.35700000000000004,0.46299999999999997,0.46299999999999997,0.35100000000000003,0.185,0.134,0.436,0.431,91.3,17.8,0.15,0.48,0.292,0.687,0.441,0.601,0.8540000000000001,0.75,0.11,0.37799999999999995,0.564,0.853
135,429,110,17,76,95,2,14,2,0.79,0.373,0.417,0.347,0.256,0.373,0.417,0.79,0.161,0.29,0.146,0.183,0.8,0.12300000000000001,0.347,76,120,1.8,0.207,0.38,0.413,0.433,0.316,0.251,0.161,0.516,0.32299999999999995,88.4,17.4,0.091,0.39799999999999996,0.20600000000000002,0.652,0.39,0.608,0.892,0.804,0.077,0.41200000000000003,0.588,0.79
152,555,133,23,68,198,5,31,3,0.753,0.322,0.431,0.325,0.24,0.322,0.431,0.753,0.191,0.326,0.10800000000000001,0.316,0.34,0.192,0.325,80,90,1.8,0.23199999999999998,0.433,0.335,0.34700000000000003,0.375,0.278,0.128,0.442,0.431,90.8,9.7,0.114,0.442,0.301,0.69,0.47200000000000003,0.5870000000000001,0.762,0.7,0.142,0.441,0.616,0.753
154,613,158,21,60,125,20,25,1,0.732,0.327,0.405,0.32,0.258,0.327,0.405,0.732,0.147,0.291,0.08800000000000001,0.183,0.48,0.121,0.32,84,104,1.8,0.204,0.442,0.354,0.395,0.36,0.244,0.159,0.507,0.33399999999999996,88.3,12.0,0.077,0.39399999999999996,0.275,0.7609999999999999,0.49200000000000005,0.634,0.8740000000000001,0.8,0.098,0.447,0.613,0.732
134,479,125,10,44,112,6,21,5,0.717,0.329,0.388,0.315,0.261,0.329,0.388,0.717,0.127,0.321,0.083,0.21100000000000002,0.39,0.08800000000000001,0.315,63,100,1.8,0.207,0.485,0.308,0.33899999999999997,0.33299999999999996,0.32799999999999996,0.187,0.48200000000000004,0.331,89.1,9.1,0.046,0.42,0.306,0.613,0.442,0.7340000000000001,0.9009999999999999,0.836,0.07200000000000001,0.441,0.642,0.717
135,514,118,18,59,131,0,29,2,0.711,0.312,0.399,0.309,0.23,0.312,0.399,0.711,0.169,0.272,0.102,0.226,0.45,0.13699999999999998,0.309,66,95,1.8,0.20199999999999999,0.45899999999999996,0.33899999999999997,0.386,0.355,0.259,0.168,0.466,0.365,90.4,10.6,0.096,0.45899999999999996,0.301,0.638,0.436,0.638,0.8690000000000001,0.774,0.099,0.402,0.602,0.711
159,541,113,21,52,167,24,23,4,0.666,0.283,0.383,0.29,0.209,0.283,0.383,0.666,0.174,0.259,0.087,0.278,0.31,0.152,0.29,59,82,1.8,0.218,0.41100000000000003,0.371,0.456,0.324,0.22,0.133,0.531,0.337,88.7,14.2,0.09,0.42700000000000005,0.32,0.685,0.47600000000000003,0.5770000000000001,0.8390000000000001,0.738,0.125,0.42700000000000005,0.626,0.666
132,429,113,24,70,126,0,21,2,0.856,0.367,0.49,0.367,0.263,0.367,0.49,0.856,0.226,0.317,0.139,0.251,0.56,0.18600000000000003,0.367,82,130,1.7,0.21,0.36700000000000005,0.423,0.387,0.40700000000000003,0.207,0.131,0.498,0.37,91.1,15.7,0.131,0.462,0.26,0.6859999999999999,0.436,0.643,0.8029999999999999,0.747,0.11,0.414,0.536,0.856
139,435,114,11,49,79,11,25,1,0.755,0.355,0.4,0.333,0.262,0.355,0.4,0.755,0.138,0.293,0.09699999999999999,0.156,0.62,0.076,0.333,68,111,1.7,0.157,0.445,0.39799999999999996,0.439,0.348,0.213,0.188,0.506,0.307,87.9,13.1,0.047,0.36700000000000005,0.267,0.611,0.415,0.715,0.895,0.8290000000000001,0.071,0.43200000000000005,0.647,0.755
153,581,147,15,25,166,11,37,4,0.695,0.287,0.408,0.298,0.253,0.287,0.408,0.695,0.155,0.328,0.040999999999999995,0.27,0.15,0.106,0.298,65,72,1.7,0.235,0.42700000000000005,0.33799999999999997,0.336,0.39299999999999996,0.271,0.129,0.555,0.317,88.0,12.6,0.081,0.35700000000000004,0.45399999999999996,0.81,0.593,0.557,0.847,0.7120000000000001,0.171,0.392,0.6629999999999999,0.695
153,469,93,13,75,154,15,31,1,0.666,0.315,0.352,0.299,0.198,0.315,0.352,0.666,0.154,0.264,0.135,0.27699999999999997,0.49,0.099,0.299,59,90,1.7,0.21899999999999997,0.353,0.428,0.428,0.353,0.21899999999999997,0.16899999999999998,0.531,0.3,90.3,18.3,0.11800000000000001,0.39899999999999997,0.243,0.617,0.41,0.61,0.82,0.7509999999999999,0.102,0.447,0.551,0.666
145,558,153,20,42,94,4,31,0,0.765,0.327,0.437,0.329,0.274,0.327,0.437,0.765,0.163,0.296,0.069,0.154,0.45,0.126,0.329,80,106,1.5,0.23800000000000002,0.423,0.33799999999999997,0.302,0.40399999999999997,0.294,0.153,0.532,0.315,89.4,11.1,0.057,0.41700000000000004,0.34299999999999997,0.701,0.499,0.746,0.907,0.8440000000000001,0.078,0.435,0.604,0.765
159,606,141,31,67,171,3,34,1,0.758,0.313,0.446,0.326,0.233,0.313,0.446,0.758,0.213,0.269,0.098,0.25,0.39,0.15,0.326,88,108,1.5,0.18600000000000003,0.345,0.46799999999999997,0.47700000000000004,0.284,0.239,0.159,0.44299999999999995,0.39799999999999996,91.8,17.1,0.141,0.505,0.27699999999999997,0.7020000000000001,0.46299999999999997,0.621,0.855,0.7759999999999999,0.10300000000000001,0.43700000000000006,0.605,0.758
146,550,132,23,65,104,6,33,1,0.747,0.318,0.429,0.323,0.24,0.318,0.429,0.747,0.189,0.255,0.105,0.168,0.63,0.135,0.323,78,100,1.5,0.182,0.43799999999999994,0.38,0.493,0.309,0.198,0.18899999999999997,0.489,0.322,88.8,12.8,0.067,0.36200000000000004,0.27399999999999997,0.7020000000000001,0.45299999999999996,0.691,0.851,0.795,0.09300000000000001,0.419,0.565,0.747
119,454,111,17,52,109,14,23,0,0.746,0.338,0.407,0.327,0.244,0.338,0.407,0.746,0.163,0.281,0.098,0.20600000000000002,0.48,0.122,0.327,68,98,1.4,0.21600000000000003,0.389,0.395,0.429,0.31,0.261,0.139,0.526,0.335,89.5,15.2,0.077,0.386,0.222,0.596,0.385,0.627,0.878,0.7959999999999999,0.078,0.43700000000000006,0.588,0.746
142,546,144,13,45,93,5,37,5,0.745,0.324,0.421,0.322,0.264,0.324,0.421,0.745,0.158,0.294,0.075,0.154,0.48,0.084,0.322,75,98,1.4,0.21,0.452,0.33799999999999997,0.382,0.373,0.245,0.159,0.489,0.35200000000000004,89.2,8.8,0.05,0.376,0.252,0.586,0.408,0.7020000000000001,0.943,0.863,0.055999999999999994,0.465,0.583,0.745
156,602,159,26,67,100,5,30,0,0.788,0.345,0.444,0.34,0.264,0.345,0.444,0.788,0.179,0.277,0.098,0.147,0.67,0.145,0.34,95,118,1.3,0.184,0.462,0.354,0.423,0.35,0.22699999999999998,0.158,0.478,0.364,92.1,10.5,0.111,0.49200000000000005,0.325,0.768,0.506,0.6459999999999999,0.873,0.787,0.10800000000000001,0.408,0.617,0.788
157,626,170,29,36,185,11,37,2,0.788,0.311,0.476,0.335,0.272,0.311,0.476,0.788,0.204,0.337,0.054000000000000006,0.276,0.19,0.17600000000000002,0.335,91,109,1.3,0.21899999999999997,0.41200000000000003,0.369,0.479,0.293,0.228,0.128,0.51,0.36200000000000004,88.9,14.4,0.10300000000000001,0.43,0.428,0.777,0.562,0.496,0.815,0.6659999999999999,0.187,0.385,0.6920000000000001,0.788
142,478,122,21,34,122,3,24,3,0.755,0.305,0.45,0.322,0.255,0.305,0.45,0.755,0.195,0.3,0.066,0.23600000000000002,0.28,0.156,0.322,65,100,1.3,0.221,0.401,0.37799999999999995,0.44299999999999995,0.359,0.198,0.12300000000000001,0.5379999999999999,0.34,88.6,14.5,0.095,0.35100000000000003,0.45899999999999996,0.743,0.5710000000000001,0.645,0.7979999999999999,0.7240000000000001,0.157,0.395,0.653,0.755
145,547,149,11,36,101,26,27,0,0.7,0.318,0.382,0.304,0.272,0.318,0.382,0.7,0.11,0.313,0.061,0.171,0.36,0.065,0.304,65,93,1.3,0.222,0.40399999999999997,0.375,0.34299999999999997,0.37799999999999995,0.27899999999999997,0.17300000000000001,0.573,0.254,85.1,14.4,0.024,0.24100000000000002,0.364,0.701,0.509,0.741,0.877,0.821,0.091,0.431,0.655,0.7
136,497,121,15,60,125,2,22,3,0.718,0.327,0.39,0.315,0.243,0.327,0.39,0.718,0.147,0.295,0.107,0.222,0.48,0.155,0.315,67,99,1.2,0.19,0.55,0.26,0.345,0.374,0.281,0.147,0.516,0.337,89.6,3.8,0.059000000000000004,0.43,0.259,0.5589999999999999,0.392,0.7020000000000001,0.898,0.826,0.068,0.442,0.603,0.718
158,587,147,12,43,117,1,32,0,0.703,0.337,0.366,0.315,0.25,0.337,0.366,0.703,0.116,0.294,0.065,0.17600000000000002,0.37,0.073,0.315,79,105,1.2,0.23399999999999999,0.418,0.348,0.429,0.36700000000000005,0.204,0.17,0.5579999999999999,0.272,87.5,13.7,0.068,0.384,0.379,0.747,0.532,0.638,0.915,0.799,0.107,0.415,0.606,0.703
146,558,154,23,51,110,4,31,0,0.8,0.345,0.455,0.346,0.276,0.345,0.455,0.8,0.179,0.304,0.081,0.17600000000000002,0.46,0.122,0.346,90,115,1.1,0.22899999999999998,0.35700000000000004,0.414,0.41,0.326,0.264,0.126,0.568,0.306,89.5,16.5,0.057,0.39,0.29600000000000004,0.6509999999999999,0.45,0.732,0.91,0.843,0.07,0.434,0.607,0.8
148,464,107,9,44,113,16,21,4,0.654,0.302,0.351,0.289,0.231,0.302,0.351,0.654,0.121,0.284,0.085,0.218,0.39,0.059000000000000004,0.289,50,82,1.1,0.218,0.35100000000000003,0.431,0.354,0.376,0.27,0.124,0.601,0.275,87.2,17.8,0.076,0.331,0.305,0.691,0.47,0.669,0.909,0.82,0.085,0.42700000000000005,0.575,0.654
160,585,115,47,126,215,0,19,1,0.817,0.343,0.474,0.35,0.197,0.343,0.474,0.817,0.277,0.209,0.175,0.299,0.59,0.255,0.35,107,120,1.0,0.161,0.344,0.495,0.539,0.314,0.147,0.172,0.43700000000000006,0.391,92.4,19.0,0.16399999999999998,0.485,0.24100000000000002,0.573,0.375,0.542,0.802,0.7020000000000001,0.11199999999999999,0.40399999999999997,0.569,0.817
127,458,105,10,46,97,6,24,7,0.689,0.312,0.378,0.301,0.229,0.312,0.378,0.689,0.148,0.267,0.08800000000000001,0.18600000000000003,0.47,0.068,0.301,56,91,0.8,0.222,0.37200000000000005,0.406,0.36200000000000004,0.371,0.267,0.18,0.564,0.256,87.3,15.0,0.043,0.332,0.31,0.6729999999999999,0.473,0.7490000000000001,0.9309999999999999,0.866,0.064,0.45,0.607,0.689
136,510,113,9,24,125,12,18,4,0.593,0.267,0.325,0.261,0.222,0.267,0.325,0.593,0.104,0.274,0.044000000000000004,0.22899999999999998,0.19,0.073,0.261,40,63,0.8,0.18100000000000002,0.499,0.32,0.402,0.361,0.237,0.142,0.575,0.284,88.0,9.3,0.051,0.38799999999999996,0.46,0.693,0.547,0.5820000000000001,0.82,0.695,0.16699999999999998,0.374,0.634,0.593
140,537,155,15,34,81,8,33,3,0.783,0.338,0.445,0.339,0.289,0.338,0.445,0.783,0.156,0.316,0.059000000000000004,0.14,0.42,0.122,0.339,80,110,0.6,0.18600000000000003,0.546,0.26899999999999996,0.365,0.35200000000000004,0.284,0.19,0.515,0.295,89.0,3.9,0.066,0.406,0.293,0.599,0.433,0.7340000000000001,0.887,0.831,0.073,0.45799999999999996,0.597,0.783
150,547,135,22,63,134,0,28,0,0.744,0.325,0.419,0.323,0.247,0.325,0.419,0.744,0.172,0.287,0.102,0.217,0.47,0.155,0.323,77,103,0.4,0.175,0.483,0.341,0.457,0.32,0.22399999999999998,0.147,0.526,0.327,90.1,9.3,0.1,0.426,0.311,0.735,0.47600000000000003,0.626,0.867,0.7709999999999999,0.109,0.389,0.579,0.744
152,566,146,21,36,129,0,30,2,0.743,0.314,0.429,0.321,0.258,0.314,0.429,0.743,0.171,0.299,0.059000000000000004,0.21,0.28,0.133,0.321,76,103,0.4,0.196,0.444,0.36,0.39399999999999996,0.337,0.26899999999999996,0.132,0.522,0.34600000000000003,90.6,11.2,0.084,0.465,0.349,0.6659999999999999,0.475,0.64,0.894,0.7809999999999999,0.10400000000000001,0.396,0.628,0.743
140,498,116,20,44,125,0,31,0,0.713,0.297,0.416,0.308,0.233,0.297,0.416,0.713,0.183,0.27,0.08,0.228,0.35,0.132,0.308,62,92,0.4,0.17300000000000001,0.426,0.402,0.49200000000000005,0.324,0.184,0.18100000000000002,0.49700000000000005,0.322,88.3,15.0,0.061,0.38799999999999996,0.363,0.726,0.509,0.624,0.858,0.758,0.12300000000000001,0.401,0.619,0.713
142,510,134,6,29,99,15,25,8,0.683,0.305,0.378,0.297,0.263,0.305,0.378,0.683,0.116,0.314,0.053,0.182,0.29,0.046,0.297,57,87,0.4,0.20800000000000002,0.478,0.314,0.32899999999999996,0.396,0.275,0.174,0.534,0.292,88.3,7.6,0.034,0.39399999999999996,0.429,0.6990000000000001,0.534,0.685,0.8809999999999999,0.785,0.114,0.39,0.675,0.683
148,533,125,16,62,170,6,29,5,0.713,0.316,0.398,0.31,0.235,0.316,0.398,0.713,0.163,0.311,0.10300000000000001,0.282,0.36,0.1,0.31,69,91,0.2,0.204,0.36,0.436,0.45799999999999996,0.324,0.218,0.071,0.51,0.42,93.2,16.9,0.114,0.496,0.298,0.7240000000000001,0.478,0.5429999999999999,0.768,0.687,0.149,0.423,0.645,0.713
147,462,110,1,42,97,20,18,3,0.597,0.301,0.297,0.268,0.238,0.301,0.297,0.597,0.058,0.295,0.081,0.187,0.43,0.009000000000000001,0.268,42,68,0.2,0.221,0.473,0.306,0.247,0.401,0.353,0.172,0.647,0.18,86.3,9.4,0.005,0.231,0.271,0.62,0.43799999999999994,0.8220000000000001,0.914,0.884,0.051,0.478,0.629,0.597
141,486,130,14,34,118,1,25,1,0.725,0.316,0.409,0.314,0.267,0.316,0.409,0.725,0.142,0.324,0.065,0.22399999999999998,0.29,0.10400000000000001,0.314,62,83,0.0,0.172,0.46799999999999997,0.36,0.42700000000000005,0.35200000000000004,0.22,0.172,0.449,0.379,88.1,12.7,0.062,0.384,0.39799999999999996,0.782,0.5479999999999999,0.606,0.852,0.7440000000000001,0.14,0.392,0.627,0.725
153,527,134,12,47,91,1,21,1,0.692,0.326,0.366,0.306,0.254,0.326,0.366,0.692,0.112,0.286,0.08,0.155,0.52,0.073,0.306,66,91,0.0,0.201,0.425,0.374,0.384,0.35200000000000004,0.265,0.162,0.575,0.263,86.3,12.8,0.066,0.308,0.33899999999999997,0.6970000000000001,0.49,0.73,0.875,0.8170000000000001,0.09,0.42200000000000004,0.647,0.692
154,611,168,13,38,130,0,36,1,0.722,0.321,0.401,0.314,0.275,0.321,0.401,0.722,0.126,0.329,0.057999999999999996,0.198,0.29,0.086,0.314,78,97,-0.2,0.20199999999999999,0.486,0.312,0.419,0.298,0.28300000000000003,0.161,0.504,0.335,89.4,9.4,0.054000000000000006,0.41700000000000004,0.34299999999999997,0.6709999999999999,0.47600000000000003,0.644,0.892,0.7859999999999999,0.102,0.40700000000000003,0.626,0.722
123,493,121,1,26,122,13,18,2,0.582,0.286,0.296,0.26,0.245,0.286,0.296,0.582,0.051,0.323,0.05,0.233,0.21,0.016,0.26,38,60,-0.2,0.22,0.611,0.16899999999999998,0.335,0.386,0.27899999999999997,0.129,0.59,0.282,87.8,2.0,0.028999999999999998,0.391,0.386,0.726,0.535,0.6409999999999999,0.856,0.769,0.12300000000000001,0.43799999999999994,0.6579999999999999,0.582
153,579,149,19,40,142,4,32,0,0.715,0.304,0.411,0.309,0.257,0.304,0.411,0.715,0.154,0.307,0.064,0.22699999999999998,0.28,0.12,0.309,71,90,-0.3,0.233,0.41,0.35700000000000004,0.382,0.36200000000000004,0.256,0.124,0.523,0.353,89.9,11.8,0.08800000000000001,0.424,0.358,0.72,0.5,0.636,0.805,0.732,0.134,0.39299999999999996,0.634,0.715
151,562,147,5,52,89,13,34,2,0.682,0.326,0.356,0.299,0.262,0.326,0.356,0.682,0.094,0.301,0.084,0.14300000000000002,0.58,0.03,0.299,66,87,-0.3,0.262,0.391,0.34700000000000003,0.325,0.382,0.294,0.138,0.616,0.245,86.6,14.5,0.028999999999999998,0.268,0.317,0.7090000000000001,0.488,0.7509999999999999,0.872,0.828,0.084,0.436,0.615,0.682
140,538,137,23,19,135,0,21,0,0.714,0.292,0.422,0.302,0.255,0.292,0.422,0.714,0.167,0.294,0.033,0.233,0.14,0.13699999999999998,0.302,63,86,-0.4,0.22899999999999998,0.363,0.409,0.436,0.33299999999999996,0.231,0.165,0.47700000000000004,0.358,90.1,15.6,0.087,0.436,0.495,0.775,0.601,0.602,0.8390000000000001,0.7170000000000001,0.17,0.37799999999999995,0.633,0.714
141,540,128,18,42,130,0,23,1,0.68,0.296,0.383,0.295,0.237,0.296,0.383,0.68,0.146,0.276,0.071,0.21899999999999997,0.32,0.11900000000000001,0.295,61,87,-0.4,0.188,0.45,0.363,0.33899999999999997,0.40399999999999997,0.257,0.188,0.526,0.28600000000000003,89.0,10.8,0.087,0.41600000000000004,0.389,0.6629999999999999,0.502,0.642,0.856,0.758,0.121,0.41100000000000003,0.593,0.68
136,523,136,18,31,58,1,24,0,0.717,0.308,0.409,0.31,0.26,0.308,0.409,0.717,0.149,0.263,0.055,0.10300000000000001,0.53,0.098,0.31,65,94,-0.5,0.223,0.385,0.392,0.45799999999999996,0.33799999999999997,0.203,0.193,0.503,0.304,87.4,15.2,0.057999999999999996,0.317,0.39399999999999996,0.67,0.511,0.784,0.94,0.87,0.066,0.42200000000000004,0.601,0.717
142,465,113,13,47,135,0,20,2,0.696,0.317,0.378,0.305,0.243,0.317,0.378,0.696,0.135,0.314,0.091,0.261,0.35,0.13699999999999998,0.305,57,84,-0.7,0.22699999999999998,0.486,0.287,0.39899999999999997,0.32899999999999996,0.272,0.11199999999999999,0.55,0.33799999999999997,89.4,8.9,0.076,0.43200000000000005,0.275,0.633,0.426,0.564,0.85,0.743,0.109,0.42100000000000004,0.634,0.696
140,465,110,11,34,97,4,23,0,0.646,0.289,0.357,0.282,0.237,0.289,0.357,0.646,0.12,0.273,0.067,0.191,0.35,0.067,0.282,46,72,-1.1,0.19,0.374,0.436,0.366,0.374,0.259,0.174,0.561,0.265,87.8,17.0,0.045,0.33399999999999996,0.307,0.6859999999999999,0.467,0.632,0.872,0.7809999999999999,0.102,0.42200000000000004,0.614,0.646
125,459,111,9,50,90,1,27,2,0.689,0.321,0.368,0.304,0.242,0.321,0.368,0.689,0.126,0.279,0.096,0.17300000000000001,0.56,0.065,0.304,57,78,-1.6,0.22699999999999998,0.401,0.37200000000000005,0.447,0.337,0.217,0.195,0.473,0.332,86.5,14.8,0.04,0.317,0.27699999999999997,0.7240000000000001,0.47100000000000003,0.664,0.897,0.8190000000000001,0.085,0.434,0.633,0.689
